20151053,1,9/7/2015 14:08,Yes,1,3,3,3,2,4,3,4,3,3,3,3,15,5.0,,0,,,1,students are required to retake
20150681,1,9/7/2015 16:37,Yes,2,3,3,3,4,4,-,4,3,3,2,3,14,4.7,,0,,,,
20150816,1,9/7/2015 13:36,Yes,-,3,3,3,3,4,3,4,3,3,2,3,14,4.7,,0,,,,
20150610,1,9/7/2015 16:56,Yes,2,3,3,3,2,4,2,4,3,3,1,3,13,4.3,,0,,2 quizzes missed,0,students 
20151117,1,9/7/2015 13:42,Yes,1,3,3,3,3,4,2,4,2,3,2,3,13,4.3,,0,,3 quizzes missed,0,students 
20150070,1,9/7/2015 17:00,Yes,0,3,1,3,-,4,4,4,2,3,3,3,10,3.3,,0,,4 quizzes missed,0,students 
20150964,1,9/7/2015 9:28,Yes,3,3,2,3,2,4,2,4,2,3,3,3,14,4.7,,0,,5 quizzes missed,0,students 
20150678,1,9/7/2015 16:49,Yes,3,3,3,3,3,4,3,4,2,3,2,3,16,5.3,,0,,6 quizzes missed,0,students 
20150782,1,9/7/2015 15:24,Yes,3,3,3,3,4,4,1,4,3,3,2,3,16,5.3,,0,,,,
20151119,1,9/7/2015 17:15,Yes,-,3,1,3,4,4,3,4,1,3,2,3,11,3.7,,0,,,,
20151120,1,9/7/2015 17:11,Yes,0,3,2,3,4,4,3,4,3,3,3,3,15,5.0,,0,,,,
20150792,1,9/7/2015 9:41,Yes,-,3,-,3,4,4,3,4,-,3,2,3,9,3.0,,0,,,,
20150028,1,9/7/2015 11:16,Yes,2,3,3,3,3,4,3,4,0,3,3,3,14,4.7,,0,,,,
20150273,1,9/7/2015 14:14,Yes,3,3,3,3,2,4,2,4,3,3,-,3,13,4.3,,0,,,,
20150117,1,9/6/2015 22:59,Yes,2,3,2,3,2,4,1,4,2,3,1,3,10,3.3,,0,,,,
20150635,1,9/7/2015 17:37,Yes,1,3,3,3,4,4,4,4,3,3,3,3,18,6.0,,0,,,,
20150118,1,9/7/2015 11:35,Yes,2,3,2,3,3,4,3,4,2,3,3,3,15,5.0,,0,,,,
20150542,1,9/7/2015 11:58,Yes,2,3,2,3,2,4,3,4,-,3,-,3,9,3.0,,0,,,,
20151121,1,9/7/2015 10:34,Yes,3,3,3,3,4,4,1,4,3,3,2,3,16,5.3,,0,,,,
20150343,1,9/6/2015 15:14,Yes,2,3,1,3,2,4,3,4,3,3,2,3,13,4.3,,0,,,,
20150274,1,9/7/2015 17:55,Yes,2,3,3,3,3,4,-,4,1,3,3,3,12,4.0,,0,,,,
20150410,1,9/6/2015 13:58,Yes,3,3,3,3,3,4,4,4,3,3,3,3,19,6.3,,0,,,,
20150624,1,9/7/2015 16:55,Yes,3,3,3,3,3,4,4,4,3,3,3,3,19,6.3,,0,,,,
20150777,1,9/6/2015 12:57,Yes,3,3,-,3,4,4,3,4,3,3,2,3,15,5.0,,0,,,,
20150333,1,9/6/2015 13:41,Yes,2,3,2,3,4,4,1,4,3,3,3,3,15,5.0,,0,,,,
20150365,1,9/7/2015 15:51,Yes,3,3,2,3,4,4,4,4,2,3,1,3,16,5.3,,0,,,,
20150281,1,9/7/2015 15:48,Yes,3,3,1,3,4,4,2,4,1,3,1,3,12,4.0,,0,,,,
20151122,1,9/7/2015 10:51,Yes,3,3,2,3,-,4,2,4,3,3,2,3,12,4.0,,0,,,,
20150340,1,9/7/2015 12:00,Yes,2,3,3,3,4,4,4,4,3,3,3,3,19,6.3,,0,,,,
20150862,1,9/7/2015 13:00,Yes,3,3,3,3,4,4,2,4,2,3,2,3,16,5.3,,0,,,,
20150368,1,9/7/2015 16:21,Yes,2,3,3,3,3,4,4,4,3,3,3,3,18,6.0,,0,,,,
20150922,1,9/7/2015 17:59,Yes,3,3,2,3,2,4,2,4,2,3,0,3,11,3.7,,0,,,,
20151123,1,9/7/2015 14:04,Yes,-,3,1,3,3,4,3,4,1,3,3,3,11,3.7,,0,,,,
20150337,1,9/6/2015 20:23,Yes,3,3,2,3,4,4,4,4,3,3,3,3,19,6.3,,0,,,,
20150567,1,9/7/2015 17:49,Yes,2,3,3,3,4,4,3,4,2,3,3,3,17,5.7,,0,,,,
20151060,1,9/7/2015 17:26,Yes,3,3,3,3,4,4,3,4,2,3,3,3,18,6.0,,0,,,,
20151076,1,9/7/2015 10:39,Yes,-,3,2,3,3,4,2,4,2,3,3,3,12,4.0,,0,,,,
20150311,1,9/7/2015 12:06,Yes,1,3,3,3,3,4,3,4,3,3,-,3,13,4.3,,0,,,,
20150622,1,9/7/2015 17:49,Yes,1,3,3,3,3,4,4,4,2,3,3,3,16,5.3,,0,,,,
20150846,1,9/6/2015 13:04,Yes,3,3,3,3,3,4,1,4,3,3,3,3,16,5.3,,0,,,,
20150609,1,9/7/2015 15:16,Yes,2,3,3,3,3,4,3,4,3,3,3,3,17,5.7,,0,,,,
20150382,1,9/7/2015 16:05,Yes,3,3,3,3,4,4,1,4,2,3,2,3,15,5.0,,0,,,,
20150108,1,9/7/2015 17:41,Yes,3,3,3,3,4,4,4,4,0,3,3,3,17,5.7,,0,,,,
20150611,1,9/6/2015 12:32,Yes,3,3,1,3,3,4,3,4,2,3,1,3,13,4.3,,0,,,,
20150457,1,9/7/2015 11:15,Yes,1,3,2,3,2,4,4,4,2,3,2,3,13,4.3,,0,,,,
20150555,1,9/7/2015 15:06,Yes,1,3,0,3,3,4,4,4,2,3,3,3,13,4.3,,0,,,,
20150722,1,9/7/2015 16:39,Yes,3,3,3,3,4,4,4,4,1,3,3,3,18,6.0,,0,,,,
20151006,1,9/7/2015 16:47,Yes,2,3,3,3,4,4,3,4,2,3,3,3,17,5.7,,0,,,,
20150529,1,9/7/2015 17:59,Yes,3,3,2,3,2,4,4,4,2,3,3,3,16,5.3,,0,,,,
20150653,1,9/7/2015 15:39,Yes,2,3,3,3,4,4,4,4,3,3,3,3,19,6.3,,0,,,,
20150919,1,9/7/2015 10:42,Yes,1,3,3,3,2,4,2,4,2,3,-,3,10,3.3,,0,,,,
20150731,1,9/7/2015 8:14,Yes,2,3,3,3,3,4,3,4,-,3,2,3,13,4.3,,0,,,,
20150134,1,9/7/2015 15:51,Yes,1,3,1,3,2,4,1,4,2,3,3,3,10,3.3,,0,,,,
20150785,1,9/7/2015 16:37,Yes,1,3,3,3,2,4,3,4,1,3,3,3,13,4.3,,0,,,,
20150657,1,9/7/2015 10:47,Yes,3,3,3,3,4,4,1,4,3,3,2,3,16,5.3,,0,,,,
20150023,1,9/6/2015 15:34,Yes,3,3,3,3,2,4,3,4,0,3,2,3,13,4.3,,0,,,,
20150698,1,9/6/2015 17:35,Yes,2,3,-,3,2,4,2,4,1,3,2,3,9,3.0,,0,,,,
20150242,1,9/7/2015 11:02,Yes,1,3,-,3,1,4,4,4,3,3,2,3,11,3.7,,0,,,,
20150804,1,9/6/2015 22:13,Yes,-,3,1,3,1,4,4,4,2,3,3,3,11,3.7,,0,,,,
20151026,1,9/7/2015 11:46,Yes,3,3,1,3,2,4,-,4,3,3,2,3,11,3.7,,0,,,,
20151091,1,9/7/2015 17:59,Yes,2,3,2,3,4,4,2,4,0,3,-,3,10,3.3,,0,,,,
20150739,1,9/6/2015 22:49,Yes,2,3,3,3,3,4,4,4,-,3,2,3,14,4.7,,0,,,,
20150014,1,9/7/2015 17:21,Yes,3,3,3,3,4,4,4,4,3,3,2,3,19,6.3,,0,,,,
20150232,1,9/7/2015 12:47,Yes,3,3,2,3,4,4,2,4,-,3,0,3,11,3.7,,0,,,,
20150994,1,9/7/2015 13:49,Yes,2,3,2,3,4,4,3,4,3,3,2,3,16,5.3,,0,,,,
20150299,1,9/7/2015 17:43,Yes,3,3,1,3,3,4,1,4,-,3,3,3,11,3.7,,0,,,,
20150687,1,9/7/2015 16:12,Yes,0,3,2,3,4,4,4,4,2,3,1,3,13,4.3,,0,,,,
20150069,1,9/7/2015 16:10,Yes,3,3,1,3,4,4,3,4,3,3,2,3,16,5.3,,0,,,,
20150979,1,9/6/2015 12:04,Yes,2,3,3,3,2,4,3,4,-,3,-,3,10,3.3,,0,,,,
20150332,1,9/7/2015 16:58,Yes,3,3,2,3,1,4,3,4,0,3,2,3,11,3.7,,0,,,,
20150193,1,9/6/2015 14:22,Yes,-,3,2,3,4,4,2,4,1,3,3,3,12,4.0,,0,,,,
20150042,1,9/7/2015 10:09,Yes,3,3,3,3,3,4,2,4,1,3,2,3,14,4.7,,0,,,,
20150233,1,9/6/2015 19:19,Yes,3,3,3,3,2,4,4,4,2,3,1,3,15,5.0,,0,,,,
20151125,1,9/7/2015 17:45,Yes,3,3,2,3,3,4,4,4,-,3,3,3,15,5.0,,0,,,,
20150277,1,9/7/2015 15:08,Yes,3,3,-,3,4,4,4,4,2,3,3,3,16,5.3,,0,,,,
20150066,1,9/7/2015 16:07,Yes,2,3,2,3,4,4,4,4,3,3,2,3,17,5.7,,0,,,,
20150378,1,9/6/2015 18:22,Yes,3,3,2,3,3,4,4,4,3,3,3,3,18,6.0,,0,,,,
20150223,1,9/7/2015 10:33,Yes,3,3,3,3,4,4,4,4,3,3,3,3,20,6.7,,0,,,,
20150812,1,9/7/2015 16:52,Yes,0,3,3,3,4,4,4,4,2,3,1,3,14,4.7,,0,,,,
20150836,1,9/7/2015 17:17,Yes,2,3,3,3,4,4,3,4,0,3,3,3,15,5.0,,0,,,,
20151047,1,9/7/2015 16:13,Yes,3,3,3,3,2,4,2,4,2,3,3,3,15,5.0,,0,,,,
20151101,1,9/7/2015 9:18,Yes,3,3,3,3,4,4,4,4,3,3,3,3,20,6.7,,0,,,,
20150683,1,9/6/2015 23:00,Yes,3,3,2,3,4,4,4,4,3,3,3,3,19,6.3,,0,,,,
20150651,1,9/7/2015 15:48,Yes,2,3,3,3,4,4,2,4,2,3,-,3,13,4.3,,0,,,,
20150424,1,9/7/2015 17:06,Yes,3,3,3,3,3,4,4,4,3,3,3,3,19,6.3,,0,,,,
20150970,1,9/6/2015 19:08,Yes,1,3,0,3,2,4,2,4,2,3,3,3,10,3.3,,0,,,,
20150044,1,9/6/2015 14:20,Yes,0,3,2,3,2,4,4,4,2,3,3,3,13,4.3,,0,,,,
20150485,1,9/7/2015 12:29,Yes,1,3,3,3,4,4,2,4,0,3,2,3,12,4.0,,0,,,,
20150965,1,9/7/2015 15:53,Yes,3,3,3,3,4,4,2,4,1,3,3,3,16,5.3,,0,,,,
20151126,1,9/7/2015 10:14,Yes,3,3,1,3,3,4,4,4,2,3,3,3,16,5.3,,0,,,,
20150616,1,9/7/2015 13:11,Yes,2,3,1,3,3,4,2,4,3,3,3,3,14,4.7,,0,,,,
20151127,1,9/7/2015 14:16,Yes,3,3,2,3,3,4,3,4,2,3,3,3,16,5.3,,0,,,,
20150898,1,9/7/2015 15:29,Yes,2,3,3,3,2,4,3,4,2,3,2,3,14,4.7,,0,,,,
20150182,1,9/7/2015 17:46,Yes,2,3,1,3,1,4,-,4,3,3,3,3,10,3.3,,0,,,,
20150051,1,9/7/2015 13:21,Yes,3,3,-,3,2,4,3,4,-,3,3,3,11,3.7,,0,,,,
20150514,1,9/7/2015 16:36,Yes,3,3,3,3,2,4,4,4,3,3,3,3,18,6.0,,0,,,,
20151075,1,9/7/2015 13:43,Yes,1,3,3,3,4,4,4,4,3,3,3,3,18,6.0,,0,,,,
20150314,1,9/7/2015 14:28,Yes,-,3,3,3,1,4,4,4,1,3,0,3,9,3.0,,0,,,,
20151002,1,9/7/2015 13:09,Yes,3,3,-,3,0,4,3,4,3,3,0,3,9,3.0,,0,,,,
20150980,1,9/7/2015 11:37,Yes,3,3,3,3,4,4,4,4,2,3,3,3,19,6.3,,0,,,,
20150027,1,9/7/2015 10:54,Yes,2,3,3,3,3,4,3,4,2,3,2,3,15,5.0,,0,,,,
20150411,1,9/7/2015 13:50,Yes,0,3,2,3,1,4,4,4,-,3,2,3,9,3.0,,0,,,,
20150250,1,9/7/2015 12:16,Yes,2,3,2,3,4,4,4,4,3,3,3,3,18,6.0,,0,,,,
20150909,1,9/6/2015 13:20,Yes,2,3,2,3,4,4,2,4,3,3,3,3,16,5.3,,0,,,,
20151093,1,9/6/2015 21:15,Yes,2,3,3,3,4,4,4,4,3,3,3,3,19,6.3,,0,,,,
20150531,1,9/7/2015 17:54,Yes,3,3,2,3,4,4,4,4,3,3,3,3,19,6.3,,0,,,,
20150481,1,9/7/2015 10:47,Yes,2,3,3,3,4,4,4,4,3,3,3,3,19,6.3,,0,,,,
20150903,1,9/7/2015 16:41,Yes,2,3,2,3,3,4,3,4,3,3,3,3,16,5.3,,0,,,,
20150293,1,9/7/2015 16:03,Yes,2,3,3,3,3,4,4,4,3,3,3,3,18,6.0,,0,,,,
20150094,1,9/7/2015 11:34,Yes,2,3,1,3,4,4,2,4,2,3,1,3,12,4.0,,0,,,,
20150930,1,9/7/2015 7:55,Yes,3,3,-,3,4,4,4,4,3,3,2,3,16,5.3,,0,,,,
20150201,1,9/7/2015 12:11,Yes,2,3,2,3,2,4,3,4,3,3,3,3,15,5.0,,0,,,,
20150112,1,9/7/2015 17:48,Yes,3,3,3,3,4,4,4,4,1,3,3,3,18,6.0,,0,,,,
20151129,1,9/6/2015 20:42,Yes,1,3,1,3,3,4,2,4,2,3,2,3,11,3.7,,0,,,,
20150544,1,9/7/2015 17:31,Yes,-,3,1,3,4,4,3,4,1,3,2,3,11,3.7,,0,,,,
20150100,1,9/7/2015 17:35,Yes,3,3,3,3,4,4,4,4,2,3,3,3,19,6.3,,0,,,,
20150107,1,9/6/2015 22:40,Yes,3,3,0,3,2,4,3,4,3,3,2,3,13,4.3,,0,,,,
20150391,1,9/6/2015 20:47,Yes,2,3,-,3,1,4,1,4,3,3,3,3,10,3.3,,0,,,,
20150055,1,9/7/2015 12:35,Yes,1,3,1,3,2,4,3,4,3,3,2,3,12,4.0,,0,,,,
20150316,1,9/7/2015 12:18,Yes,1,3,1,3,4,4,4,4,3,3,3,3,16,5.3,,0,,,,
20150361,1,9/7/2015 11:05,Yes,2,3,2,3,4,4,4,4,3,3,3,3,18,6.0,,0,,,,
20151063,1,9/7/2015 7:24,Yes,2,3,1,3,2,4,3,4,2,3,3,3,13,4.3,,0,,,,
20150704,1,9/7/2015 14:12,Yes,3,3,2,3,3,4,4,4,3,3,1,3,16,5.3,,0,,,,
20150564,1,9/7/2015 15:36,Yes,3,3,2,3,4,4,4,4,3,3,3,3,19,6.3,,0,,,,
20150758,1,9/7/2015 16:51,Yes,3,3,3,3,4,4,4,4,3,3,2,3,19,6.3,,0,,,,
20150634,1,9/7/2015 16:18,Yes,1,3,1,3,4,4,3,4,3,3,-,3,12,4.0,,0,,,,
20150280,1,9/7/2015 17:01,Yes,-,3,0,3,3,4,1,4,2,3,3,3,9,3.0,,0,,,,
20151130,1,9/6/2015 21:41,Yes,3,3,2,3,4,4,4,4,3,3,2,3,18,6.0,,0,,,,
20150912,1,9/7/2015 12:50,Yes,3,3,3,3,4,4,4,4,3,3,3,3,20,6.7,,0,,,,
20150976,1,9/7/2015 13:13,Yes,1,3,3,3,3,4,2,4,3,3,1,3,13,4.3,,0,,,,
20150518,1,9/6/2015 22:53,Yes,3,3,3,3,4,4,4,4,3,3,2,3,19,6.3,,0,,,,
20150833,1,9/7/2015 14:01,Yes,0,3,3,3,3,4,1,4,1,3,1,3,9,3.0,,0,,,,
20150547,1,9/7/2015 17:57,Yes,2,3,3,3,3,4,4,4,1,3,2,3,15,5.0,,0,,,,
20151131,1,9/7/2015 11:59,Yes,3,3,3,3,4,4,4,4,2,3,3,3,19,6.3,,0,,,,
20151034,1,9/7/2015 12:16,Yes,3,3,3,3,4,4,4,4,3,3,3,3,20,6.7,,0,,,,
20150383,1,9/7/2015 17:54,Yes,2,3,1,3,1,4,1,4,1,3,3,3,9,3.0,,0,,,,
20150030,1,9/7/2015 17:53,Yes,3,3,3,3,2,4,3,4,2,3,3,3,16,5.3,,0,,,,
20150956,1,9/7/2015 11:42,Yes,1,3,1,3,1,4,3,4,2,3,2,3,10,3.3,,0,,,,
20150633,1,9/7/2015 18:00,Yes,3,3,0,3,3,4,3,4,3,3,3,3,15,5.0,,0,,,,
20150593,1,9/7/2015 13:07,Yes,0,3,3,3,4,4,4,4,2,3,3,3,16,5.3,,0,,,,
20150470,1,9/7/2015 17:14,Yes,2,3,3,3,3,4,4,4,3,3,2,3,17,5.7,,0,,,,
20150675,1,9/6/2015 20:39,Yes,2,3,3,3,3,4,4,4,3,3,1,3,16,5.3,,0,,,,
20150018,1,9/7/2015 17:04,Yes,1,3,2,3,4,4,2,4,3,3,3,3,15,5.0,,0,,,,
20150188,1,9/7/2015 14:13,Yes,2,3,1,3,4,4,3,4,2,3,-,3,12,4.0,,0,,,,
20151099,1,9/7/2015 14:56,Yes,3,3,3,3,3,4,3,4,3,3,2,3,17,5.7,,0,,,,
20150999,1,9/7/2015 15:49,Yes,3,3,1,3,2,4,4,4,2,3,2,3,14,4.7,,0,,,,
20150936,1,9/6/2015 20:32,Yes,-,3,2,3,3,4,3,4,2,3,-,3,10,3.3,,0,,,,
20150679,1,9/7/2015 14:40,Yes,2,3,3,3,1,4,2,4,1,3,3,3,12,4.0,,0,,,,
20150001,1,9/6/2015 15:11,Yes,3,3,3,3,3,4,4,4,3,3,3,3,19,6.3,,0,,,,
20150814,1,9/6/2015 18:51,Yes,2,3,1,3,4,4,-,4,-,3,2,3,9,3.0,,0,,,,
20150984,1,9/7/2015 15:25,Yes,1,3,2,3,2,4,2,4,2,3,2,3,11,3.7,,0,,,,
20150349,1,9/5/2015 13:02,Yes,2,3,2,3,3,4,3,4,2,3,3,3,15,5.0,,0,,,,
20151097,1,9/7/2015 16:32,Yes,3,3,3,3,3,4,-,4,3,3,3,3,15,5.0,,0,,,,
20150234,1,9/6/2015 20:36,Yes,2,3,1,3,2,4,2,4,2,3,2,3,11,3.7,,0,,,,
20150079,1,9/7/2015 16:59,Yes,3,3,3,3,4,4,3,4,1,3,1,3,15,5.0,,0,,,,
20150251,1,9/7/2015 15:23,Yes,3,3,3,3,4,4,4,4,2,3,3,3,19,6.3,,0,,,,
20150050,1,9/7/2015 15:45,Yes,2,3,1,3,1,4,3,4,1,3,1,3,9,3.0,,0,,,,
20150534,1,9/7/2015 16:58,Yes,2,3,2,3,3,4,3,4,3,3,2,3,15,5.0,,0,,,,
20150156,1,9/7/2015 13:37,Yes,2,3,3,3,2,4,4,4,2,3,3,3,16,5.3,,0,,,,
20150143,1,9/7/2015 16:44,Yes,2,3,-,3,3,4,2,4,3,3,2,3,12,4.0,,0,,,,
20150444,1,9/7/2015 13:13,Yes,2,3,3,3,2,4,-,4,1,3,2,3,10,3.3,,0,,,,
20151111,1,9/7/2015 14:34,Yes,3,3,2,3,4,4,3,4,3,3,1,3,16,5.3,,0,,,,
20151013,1,9/7/2015 17:41,Yes,3,3,1,3,4,4,3,4,3,3,1,3,15,5.0,,0,,,,
20150828,1,9/7/2015 17:53,Yes,3,3,3,3,-,4,2,4,2,3,-,3,10,3.3,,0,,,,
20150405,1,9/7/2015 11:09,Yes,-,3,3,3,3,4,2,4,3,3,2,3,13,4.3,,0,,,,
20150748,1,9/7/2015 15:48,Yes,3,3,2,3,2,4,3,4,-,3,3,3,13,4.3,,0,,,,
20150075,1,9/6/2015 21:15,Yes,1,3,2,3,3,4,3,4,2,3,2,3,13,4.3,,0,,,,
20150330,1,9/7/2015 16:55,Yes,-,3,1,3,3,4,3,4,2,3,1,3,10,3.3,,0,,,,
20150400,1,9/4/2015 9:23,Yes,3,3,3,3,3,4,3,4,3,3,-,3,15,5.0,,0,,,,
20150458,1,9/7/2015 16:03,Yes,2,3,1,3,2,4,3,4,-,3,3,3,11,3.7,,0,,,,
20150476,1,9/7/2015 15:47,Yes,1,3,2,3,3,4,4,4,3,3,3,3,16,5.3,,0,,,,
20150853,1,9/6/2015 23:48,Yes,3,3,3,3,4,4,3,4,2,3,3,3,18,6.0,,0,,,,
20151132,1,9/7/2015 16:38,Yes,-,3,2,3,2,4,3,4,3,3,3,3,13,4.3,,0,,,,
20150715,1,9/7/2015 8:08,Yes,2,3,3,3,2,4,3,4,2,3,1,3,13,4.3,,0,,,,
20151133,1,9/7/2015 16:49,Yes,3,3,-,3,4,4,3,4,3,3,2,3,15,5.0,,0,,,,
20150401,1,9/6/2015 10:45,Yes,3,3,2,3,3,4,3,4,3,3,3,3,17,5.7,,0,,,,
20150358,1,9/6/2015 16:17,Yes,3,3,2,3,1,4,2,4,3,3,2,3,13,4.3,,0,,,,
20150087,1,9/7/2015 8:10,Yes,3,3,2,3,3,4,2,4,3,3,3,3,16,5.3,,0,,,,
20150229,1,9/7/2015 13:19,Yes,-,3,1,3,3,4,2,4,2,3,3,3,11,3.7,,0,,,,
20151029,1,9/7/2015 17:04,Yes,3,3,1,3,3,4,3,4,1,3,2,3,13,4.3,,0,,,,
20150095,1,9/7/2015 11:59,Yes,3,3,3,3,4,4,4,4,3,3,3,3,20,6.7,,0,,,,
20150612,1,9/7/2015 11:21,Yes,2,3,2,3,4,4,3,4,2,3,3,3,16,5.3,,0,,,,
20150726,1,9/7/2015 11:26,Yes,2,3,3,3,3,4,4,4,1,3,3,3,16,5.3,,0,,,,
20150267,1,9/7/2015 16:21,Yes,3,3,1,3,4,4,2,4,1,3,2,3,13,4.3,,0,,,,
20150753,1,9/6/2015 22:43,Yes,2,3,1,3,4,4,2,4,2,3,3,3,14,4.7,,0,,,,
20150224,1,9/7/2015 9:24,Yes,2,3,2,3,3,4,1,4,2,3,2,3,12,4.0,,0,,,,
20150636,1,9/7/2015 11:46,Yes,1,3,3,3,2,4,3,4,3,3,1,3,13,4.3,,0,,,,
20150183,1,9/7/2015 10:00,Yes,3,3,3,3,1,4,2,4,2,3,3,3,14,4.7,,0,,,,
20150924,1,9/7/2015 16:31,Yes,3,3,3,3,4,4,4,4,3,3,3,3,20,6.7,,0,,,,
20150261,1,9/6/2015 21:11,Yes,2,3,3,3,2,4,4,4,3,3,3,3,17,5.7,,0,,,,
20150138,1,9/7/2015 17:21,Yes,3,3,3,3,3,4,4,4,3,3,3,3,19,6.3,,0,,,,
20150484,1,9/6/2015 18:44,Yes,3,3,2,3,4,4,4,4,3,3,3,3,19,6.3,,0,,,,
20150762,1,9/7/2015 10:50,Yes,3,3,2,3,4,4,4,4,2,3,3,3,18,6.0,,0,,,,
20150885,1,9/7/2015 8:23,Yes,3,3,1,3,2,4,2,4,1,3,1,3,10,3.3,,0,,,,
20151077,1,9/6/2015 20:28,Yes,2,3,1,3,0,4,2,4,2,3,3,3,10,3.3,,0,,,,
20150708,1,9/7/2015 12:10,Yes,-,3,2,3,3,4,3,4,3,3,2,3,13,4.3,,0,,,,
20150282,1,9/7/2015 7:54,Yes,3,3,0,3,2,4,2,4,1,3,2,3,10,3.3,,0,,,,
20150338,1,9/7/2015 10:26,Yes,2,3,2,3,3,4,-,4,2,3,2,3,11,3.7,,0,,,,
20150404,1,9/7/2015 17:56,Yes,2,3,2,3,4,4,3,4,3,3,3,3,17,5.7,,0,,,,
20150398,1,9/7/2015 8:17,Yes,2,3,3,3,1,4,3,4,1,3,0,3,10,3.3,,0,,,,
20151134,1,9/6/2015 21:11,Yes,2,3,3,3,4,4,3,4,3,3,3,3,18,6.0,,0,,,,
20150996,1,9/7/2015 16:45,Yes,2,3,3,3,4,4,4,4,3,3,3,3,19,6.3,,0,,,,
20150697,1,9/7/2015 18:00,Yes,2,3,1,3,3,4,2,4,1,3,1,3,10,3.3,,0,,,,
20150307,1,9/7/2015 17:49,Yes,3,3,2,3,2,4,4,4,2,3,1,3,14,4.7,,0,,,,
20150793,1,9/7/2015 12:23,Yes,3,3,3,3,2,4,4,4,2,3,-,3,14,4.7,,0,,,,
20150161,1,9/7/2015 8:22,Yes,2,3,2,3,3,4,4,4,3,3,3,3,17,5.7,,0,,,,
20150773,1,9/7/2015 9:11,Yes,1,3,1,3,1,4,3,4,3,3,2,3,11,3.7,,0,,,,
20151023,1,9/7/2015 17:02,Yes,3,3,3,3,2,4,4,4,3,3,3,3,18,6.0,,0,,,,
20150939,1,9/7/2015 17:50,Yes,3,3,2,3,4,4,4,4,3,3,3,3,19,6.3,,0,,,,
20150130,1,9/7/2015 17:57,Yes,2,3,3,3,2,4,2,4,2,3,3,3,14,4.7,,0,,,,
20150271,1,9/6/2015 13:05,Yes,2,3,-,3,1,4,4,4,3,3,3,3,13,4.3,,0,,,,
20150763,1,9/5/2015 19:47,Yes,3,3,2,3,2,4,4,4,3,3,3,3,17,5.7,,0,,,,
20150917,1,9/6/2015 12:08,Yes,3,3,3,3,4,4,4,4,1,3,3,3,18,6.0,,0,,,,
20150914,1,9/7/2015 14:20,Yes,3,3,2,3,3,4,-,4,3,3,2,3,13,4.3,,0,,,,
20150844,1,9/7/2015 17:38,Yes,3,3,1,3,1,4,2,4,-,3,2,3,9,3.0,,0,,,,
20150747,1,9/7/2015 10:07,Yes,1,3,2,3,2,4,2,4,2,3,3,3,12,4.0,,0,,,,
20150783,1,9/7/2015 16:21,Yes,3,3,1,3,3,4,4,4,0,3,2,3,13,4.3,,0,,,,
20150390,1,9/7/2015 17:32,Yes,3,3,3,3,2,4,2,4,2,3,3,3,15,5.0,,0,,,,
20150953,1,9/7/2015 16:03,Yes,2,3,1,3,3,4,2,4,2,3,2,3,12,4.0,,0,,,,
20150200,1,9/7/2015 7:25,Yes,3,3,2,3,4,4,3,4,-,3,1,3,13,4.3,,0,,,,
20150116,1,9/7/2015 17:49,Yes,2,3,3,3,3,4,3,4,2,3,1,3,14,4.7,,0,,,,
20150369,1,9/7/2015 15:23,Yes,2,3,-,3,4,4,2,4,2,3,3,3,13,4.3,,0,,,,
20150262,1,9/7/2015 11:31,Yes,3,3,0,3,2,4,2,4,2,3,3,3,12,4.0,,0,,,,
20150677,1,9/7/2015 17:14,Yes,3,3,2,3,4,4,4,4,3,3,3,3,19,6.3,,0,,,,
20151086,1,9/7/2015 16:45,Yes,3,3,3,3,4,4,2,4,3,3,2,3,17,5.7,,0,,,,
20150463,1,9/7/2015 14:21,Yes,2,3,2,3,3,4,2,4,0,3,1,3,10,3.3,,0,,,,
20150432,1,9/7/2015 14:13,Yes,2,3,3,3,0,4,-,4,3,3,3,3,11,3.7,,0,,,,
20150043,1,9/7/2015 16:52,Yes,2,3,1,3,4,4,2,4,1,3,3,3,13,4.3,,0,,,,
20150301,1,9/7/2015 10:11,Yes,3,3,1,3,2,4,3,4,2,3,2,3,13,4.3,,0,,,,
20150667,1,9/7/2015 17:00,Yes,3,3,2,3,4,4,4,4,3,3,3,3,19,6.3,,0,,,,
20150318,1,9/7/2015 18:00,Yes,1,3,3,3,4,4,2,4,2,3,-,3,12,4.0,,0,,,,
20151021,1,9/7/2015 9:24,Yes,3,3,2,3,3,4,4,4,3,3,2,3,17,5.7,,0,,,,
20150329,1,9/7/2015 15:36,Yes,-,3,2,3,4,4,4,4,3,3,3,3,16,5.3,,0,,,,
20150590,1,9/7/2015 15:58,Yes,2,3,1,3,2,4,0,4,2,3,3,3,10,3.3,,0,,,,
20150858,1,9/7/2015 11:36,Yes,2,3,3,3,3,4,1,4,3,3,2,3,14,4.7,,0,,,,
20150286,1,9/7/2015 14:51,Yes,3,3,2,3,3,4,3,4,1,3,2,3,14,4.7,,0,,,,
20150910,1,9/6/2015 21:45,Yes,3,3,0,3,4,4,4,4,3,3,1,3,15,5.0,,0,,,,
20150749,1,9/6/2015 19:09,Yes,2,3,2,3,3,4,4,4,3,3,3,3,17,5.7,,0,,,,
20151110,1,9/7/2015 10:59,Yes,3,3,3,3,4,4,4,4,1,3,3,3,18,6.0,,0,,,,
20151135,1,9/7/2015 17:27,Yes,2,3,3,3,4,4,4,4,3,3,2,3,18,6.0,,0,,,,
20150450,1,9/7/2015 12:31,Yes,3,3,3,3,3,4,4,4,3,3,3,3,19,6.3,,0,,,,
20150788,1,9/7/2015 12:30,Yes,3,3,3,3,3,4,2,4,-,3,-,3,11,3.7,,0,,,,
20151043,1,9/7/2015 14:12,Yes,2,3,2,3,4,4,4,4,3,3,3,3,18,6.0,,0,,,,
20150684,1,9/7/2015 9:24,Yes,3,3,2,3,3,4,3,4,2,3,1,3,14,4.7,,0,,,,
20150663,1,9/7/2015 16:02,Yes,2,3,1,3,2,4,3,4,2,3,3,3,13,4.3,,0,,,,
20150852,1,8/31/2015 18:17,Yes,3,3,-,3,3,4,3,4,2,3,-,3,11,3.7,,0,,,,
20151015,1,9/7/2015 10:12,Yes,3,3,2,3,4,4,-,4,2,3,-,3,11,3.7,,0,,,,
20150467,1,9/7/2015 16:16,Yes,3,3,3,3,4,4,4,4,3,3,2,3,19,6.3,,0,,,,
20150159,1,9/6/2015 21:22,Yes,2,3,2,3,4,4,3,4,3,3,3,3,17,5.7,,0,,,,
20150489,1,9/4/2015 8:32,Yes,1,3,3,3,2,4,4,4,-,3,2,3,12,4.0,,0,,,,
20150625,1,9/7/2015 15:38,Yes,2,3,3,3,4,4,2,4,3,3,3,3,17,5.7,,0,,,,
20150700,1,9/7/2015 13:17,Yes,2,3,3,3,4,4,4,4,3,3,3,3,19,6.3,,0,,,,
20150462,1,9/7/2015 13:54,Yes,3,3,2,3,4,4,-,4,2,3,-,3,11,3.7,,0,,,,
20150509,1,9/7/2015 17:58,Yes,1,3,3,3,4,4,1,4,3,3,1,3,13,4.3,,0,,,,
20151136,1,9/7/2015 12:32,Yes,3,3,1,3,3,4,3,4,0,3,3,3,13,4.3,,0,,,,
20150469,1,9/6/2015 15:51,Yes,3,3,3,3,4,4,4,4,2,3,3,3,19,6.3,,0,,,,
20151085,1,9/6/2015 22:46,Yes,2,3,2,3,3,4,3,4,3,3,3,3,16,5.3,,0,,,,
20151104,1,9/7/2015 17:30,Yes,2,3,3,3,4,4,4,4,3,3,3,3,19,6.3,,0,,,,
20150851,1,9/7/2015 8:28,Yes,3,3,3,3,3,4,1,4,3,3,0,3,13,4.3,,0,,,,
20150454,1,9/7/2015 15:46,Yes,2,3,2,3,3,4,4,4,3,3,3,3,17,5.7,,0,,,,
20151138,1,9/7/2015 17:13,Yes,2,3,3,3,2,4,4,4,3,3,2,3,16,5.3,,0,,,,
20151078,1,9/7/2015 11:48,Yes,-,3,-,3,4,4,3,4,-,3,3,3,10,3.3,,0,,,,
20150641,1,9/6/2015 22:22,Yes,3,3,3,3,3,4,4,4,3,3,3,3,19,6.3,,0,,,,
20150140,1,9/7/2015 17:32,Yes,3,3,3,3,3,4,3,4,3,3,3,3,18,6.0,,0,,,,
20150774,1,9/6/2015 17:53,Yes,3,3,0,3,2,4,4,4,3,3,2,3,14,4.7,,0,,,,
20150341,1,9/7/2015 17:54,Yes,3,3,3,3,3,4,4,4,3,3,2,3,18,6.0,,0,,,,
20150208,1,9/7/2015 16:37,Yes,2,3,0,3,1,4,2,4,3,3,2,3,10,3.3,,0,,,,
20151037,1,9/7/2015 16:37,Yes,3,3,3,3,2,4,2,4,3,3,3,3,16,5.3,,0,,,,
20150874,1,9/7/2015 11:03,Yes,-,3,1,3,3,4,-,4,2,3,3,3,9,3.0,,0,,,,
20150630,1,9/7/2015 8:54,Yes,2,3,3,3,1,4,1,4,2,3,2,3,11,3.7,,0,,,,
20150520,1,9/7/2015 11:01,Yes,2,3,3,3,3,4,3,4,2,3,2,3,15,5.0,,0,,,,
20150943,1,9/6/2015 17:14,Yes,3,3,3,3,2,4,2,4,2,3,1,3,13,4.3,,0,,,,
20150048,1,9/7/2015 10:20,Yes,3,3,3,3,4,4,4,4,3,3,3,3,20,6.7,,0,,,,
20150357,1,9/7/2015 10:49,Yes,2,3,2,3,0,4,2,4,2,3,1,3,9,3.0,,0,,,,
20150714,1,9/6/2015 20:45,Yes,3,3,0,3,1,4,2,4,2,3,2,3,10,3.3,,0,,,,
20150086,1,9/3/2015 21:31,Yes,-,3,2,3,2,4,2,4,3,3,3,3,12,4.0,,0,,,,
20150981,1,9/7/2015 13:19,Yes,1,3,2,3,3,4,3,4,3,3,3,3,15,5.0,,0,,,,
20150738,1,9/6/2015 23:57,Yes,3,3,3,3,1,4,2,4,1,3,-,3,10,3.3,,0,,,,
20150832,1,9/7/2015 12:45,Yes,2,3,3,3,4,4,3,4,3,3,3,3,18,6.0,,0,,,,
20150084,1,9/7/2015 12:14,Yes,3,3,2,3,4,4,4,4,3,3,3,3,19,6.3,,0,,,,
20150580,1,9/7/2015 1:58,Yes,2,3,2,3,3,4,3,4,2,3,3,3,15,5.0,,0,,,,
20150136,1,9/7/2015 16:24,Yes,2,3,1,3,3,4,2,4,-,3,3,3,11,3.7,,0,,,,
20150608,1,9/7/2015 7:30,Yes,3,3,1,3,3,4,3,4,3,3,3,3,16,5.3,,0,,,,
20150181,1,9/7/2015 9:26,Yes,2,3,0,3,0,4,3,4,2,3,3,3,10,3.3,,0,,,,
20151084,1,9/7/2015 17:06,Yes,3,3,3,3,3,4,1,4,3,3,3,3,16,5.3,,0,,,,
20150918,1,9/7/2015 17:39,Yes,3,3,1,3,4,4,3,4,3,3,3,3,17,5.7,,0,,,,
20150124,1,9/7/2015 13:57,Yes,3,3,0,3,2,4,3,4,2,3,-,3,10,3.3,,0,,,,
20150674,1,9/7/2015 17:58,Yes,3,3,3,3,3,4,4,4,2,3,2,3,17,5.7,,0,,,,
20150871,1,9/7/2015 10:53,Yes,-,3,-,3,3,4,3,4,2,3,3,3,11,3.7,,0,,,,
20150723,1,9/7/2015 17:23,Yes,-,3,3,3,3,4,4,4,2,3,3,3,15,5.0,,0,,,,
20150220,1,9/7/2015 16:31,Yes,3,3,2,3,4,4,4,4,3,3,3,3,19,6.3,,0,,,,
20150656,1,9/7/2015 16:09,Yes,2,3,2,3,3,4,3,4,2,3,3,3,15,5.0,,0,,,,
20150132,1,9/6/2015 17:09,Yes,3,3,2,3,4,4,3,4,2,3,3,3,17,5.7,,0,,,,
20150643,1,9/7/2015 12:59,Yes,3,3,3,3,4,4,4,4,2,3,3,3,19,6.3,,0,,,,
20150868,1,9/7/2015 11:10,Yes,2,3,2,3,3,4,2,4,1,3,3,3,13,4.3,,0,,,,
20150439,1,9/6/2015 19:23,Yes,3,3,2,3,3,4,4,4,0,3,2,3,14,4.7,,0,,,,
20151142,1,9/6/2015 7:30,Yes,3,3,2,3,-,4,4,4,3,3,2,3,14,4.7,,0,,,,
20150809,1,9/7/2015 13:00,Yes,3,3,2,3,3,4,4,4,3,3,3,3,18,6.0,,0,,,,
20150249,1,9/7/2015 9:24,Yes,-,3,0,3,3,4,4,4,2,3,3,3,12,4.0,,0,,,,
20150932,1,9/6/2015 15:51,Yes,3,3,2,3,2,4,3,4,2,3,2,3,14,4.7,,0,,,,
20150559,1,9/6/2015 22:48,Yes,3,3,2,3,2,4,1,4,3,3,2,3,13,4.3,,0,,,,
20151143,1,9/6/2015 21:23,Yes,2,3,3,3,3,4,3,4,3,3,1,3,15,5.0,,0,,,,
20150122,1,9/6/2015 13:37,Yes,3,3,3,3,2,4,3,4,3,3,3,3,17,5.7,,0,,,,
20150284,1,9/7/2015 14:10,Yes,2,3,2,3,2,4,3,4,3,3,3,3,15,5.0,,0,,,,
20150659,1,9/6/2015 22:06,Yes,3,3,3,3,4,4,3,4,3,3,3,3,19,6.3,,0,,,,
20151145,1,9/7/2015 7:09,Yes,-,3,-,3,3,4,4,4,2,3,2,3,11,3.7,,0,,,,
20151146,1,9/7/2015 11:59,Yes,1,3,3,3,3,4,2,4,3,3,2,3,14,4.7,,0,,,,
20150595,1,9/7/2015 15:30,Yes,3,3,2,3,4,4,2,4,3,3,3,3,17,5.7,,0,,,,
20150606,1,9/7/2015 10:01,Yes,3,3,2,3,2,4,2,4,1,3,2,3,12,4.0,,0,,,,
20150278,1,9/7/2015 10:50,Yes,3,3,3,3,4,4,4,4,3,3,3,3,20,6.7,,0,,,,
20150483,1,9/7/2015 9:25,Yes,3,3,3,3,2,4,4,4,3,3,3,3,18,6.0,,0,,,,
20150206,1,9/7/2015 17:38,Yes,3,3,2,3,4,4,4,4,3,3,3,3,19,6.3,,0,,,,
20151054,1,9/6/2015 13:19,Yes,1,3,-,3,1,4,4,4,-,3,3,3,9,3.0,,0,,,,
20150490,1,9/7/2015 14:16,Yes,3,3,3,3,1,4,1,4,3,3,2,3,13,4.3,,0,,,,
20150732,1,9/6/2015 22:59,Yes,3,3,3,3,4,4,4,4,3,3,2,3,19,6.3,,0,,,,
20150646,1,9/7/2015 15:29,Yes,2,3,-,3,1,4,3,4,3,3,-,3,9,3.0,,0,,,,
20150429,1,9/7/2015 11:03,Yes,2,3,2,3,2,4,4,4,2,3,1,3,13,4.3,,0,,,,
20151024,1,9/7/2015 11:11,Yes,-,3,1,3,4,4,3,4,2,3,1,3,11,3.7,,0,,,,
20151020,1,9/7/2015 15:03,Yes,3,3,1,3,3,4,2,4,2,3,2,3,13,4.3,,0,,,,
20151098,1,9/7/2015 15:14,Yes,3,3,2,3,3,4,3,4,-,3,1,3,12,4.0,,0,,,,
20151092,1,9/7/2015 17:23,Yes,2,3,2,3,3,4,-,4,1,3,2,3,10,3.3,,0,,,,
20150666,1,9/7/2015 16:26,Yes,2,3,3,3,2,4,2,4,3,3,3,3,15,5.0,,0,,,,
20150216,1,9/7/2015 9:38,Yes,2,3,2,3,2,4,1,4,3,3,2,3,12,4.0,,0,,,,
20150781,1,9/7/2015 10:25,Yes,2,3,2,3,3,4,3,4,2,3,3,3,15,5.0,,0,,,,
20151147,1,9/7/2015 15:05,Yes,2,3,1,3,3,4,2,4,0,3,2,3,10,3.3,,0,,,,
20150805,1,9/7/2015 13:27,Yes,3,3,2,3,4,4,3,4,1,3,2,3,15,5.0,,0,,,,
20150602,1,9/7/2015 11:20,Yes,2,3,3,3,2,4,1,4,2,3,0,3,10,3.3,,0,,,,
20150791,1,9/7/2015 17:01,Yes,3,3,3,3,4,4,4,4,3,3,2,3,19,6.3,,0,,,,
20150699,1,9/6/2015 21:08,Yes,2,3,1,3,3,4,3,4,2,3,1,3,12,4.0,,0,,,,
20150857,1,9/6/2015 22:50,Yes,2,3,3,3,3,4,2,4,2,3,2,3,14,4.7,,0,,,,
20150387,1,9/7/2015 9:39,Yes,3,3,3,3,3,4,4,4,2,3,3,3,18,6.0,,0,,,,
20150587,1,9/7/2015 11:52,Yes,2,3,2,3,3,4,1,4,2,3,1,3,11,3.7,,0,,,,
20151000,1,9/7/2015 10:54,Yes,2,3,3,3,4,4,3,4,3,3,3,3,18,6.0,,0,,,,
20150395,1,9/7/2015 10:16,Yes,2,3,3,3,3,4,2,4,0,3,2,3,12,4.0,,0,,,,
20150949,1,9/7/2015 16:12,Yes,2,3,3,3,3,4,3,4,3,3,3,3,17,5.7,,0,,,,
20150265,1,9/7/2015 15:29,Yes,3,3,0,3,3,4,1,4,3,3,-,3,10,3.3,,0,,,,
20150041,1,9/7/2015 17:42,Yes,1,3,2,3,3,4,1,4,2,3,3,3,12,4.0,,0,,,,
20150433,1,9/7/2015 14:39,Yes,2,3,0,3,2,4,3,4,2,3,3,3,12,4.0,,0,,,,
20151148,1,9/7/2015 10:20,Yes,3,3,3,3,4,4,-,4,2,3,3,3,15,5.0,,0,,,,
20150089,1,9/7/2015 16:13,Yes,2,3,3,3,2,4,2,4,1,3,2,3,12,4.0,,0,,,,
20151031,1,9/6/2015 13:45,Yes,1,3,0,3,3,4,0,4,3,3,2,3,9,3.0,,0,,,,
20150946,1,9/7/2015 2:19,Yes,2,3,3,3,4,4,4,4,3,3,1,3,17,5.7,,0,,,,
20150779,1,9/7/2015 15:48,Yes,3,3,2,3,0,4,3,4,1,3,3,3,12,4.0,,0,,,,
20150537,1,9/7/2015 16:50,Yes,3,3,2,3,3,4,4,4,3,3,3,3,18,6.0,,0,,,,
20150263,1,9/7/2015 14:59,Yes,3,3,3,3,1,4,4,4,2,3,3,3,16,5.3,,0,,,,
20150113,1,9/7/2015 10:17,Yes,2,3,3,3,3,4,2,4,1,3,3,3,14,4.7,,0,,,,
20150335,1,9/7/2015 13:07,Yes,2,3,3,3,4,4,4,4,3,3,2,3,18,6.0,,0,,,,
20150908,1,9/7/2015 10:03,Yes,3,3,3,3,3,4,4,4,0,3,1,3,14,4.7,,0,,,,
20150728,1,9/7/2015 15:41,Yes,2,3,-,3,4,4,2,4,0,3,2,3,10,3.3,,0,,,,
20150815,1,9/6/2015 19:51,Yes,3,3,3,3,2,4,2,4,2,3,1,3,13,4.3,,0,,,,
20150617,1,9/7/2015 8:14,Yes,2,3,2,3,2,4,3,4,3,3,1,3,13,4.3,,0,,,,
20150402,1,9/6/2015 22:17,Yes,3,3,3,3,2,4,4,4,1,3,3,3,16,5.3,,0,,,,
20150300,1,9/7/2015 15:03,Yes,1,3,2,3,4,4,3,4,2,3,3,3,15,5.0,,0,,,,
20150438,1,9/7/2015 16:16,Yes,2,3,2,3,3,4,2,4,2,3,2,3,13,4.3,,0,,,,
20150869,1,9/7/2015 17:46,Yes,3,3,3,3,4,4,4,4,1,3,2,3,17,5.7,,0,,,,
20150768,1,9/7/2015 4:36,Yes,3,3,2,3,1,4,3,4,2,3,2,3,13,4.3,,0,,,,
20150563,1,9/7/2015 11:12,Yes,2,3,3,3,4,4,4,4,2,3,3,3,18,6.0,,0,,,,
20150552,1,9/6/2015 17:48,Yes,2,3,1,3,3,4,2,4,1,3,1,3,10,3.3,,0,,,,
20150588,1,9/7/2015 15:14,Yes,2,3,3,3,2,4,3,4,1,3,2,3,13,4.3,,0,,,,
20150355,1,9/7/2015 17:35,Yes,-,3,2,3,4,4,3,4,1,3,3,3,13,4.3,,0,,,,
20150434,1,9/7/2015 17:59,Yes,3,3,-,3,1,4,4,4,1,3,2,3,11,3.7,,0,,,,
20151030,1,9/7/2015 17:39,Yes,2,3,3,3,1,4,3,4,-,3,3,3,12,4.0,,0,,,,
20150525,1,9/7/2015 0:55,Yes,3,3,1,3,4,4,4,4,3,3,3,3,18,6.0,,0,,,,
20151103,1,9/7/2015 16:03,Yes,3,3,2,3,1,4,2,4,1,3,1,3,10,3.3,,0,,,,
20150475,1,9/7/2015 11:17,Yes,1,3,-,3,3,4,3,4,2,3,-,3,9,3.0,,0,,,,
20150370,1,9/7/2015 16:56,Yes,3,3,2,3,2,4,3,4,-,3,1,3,11,3.7,,0,,,,
20150004,1,9/7/2015 17:13,Yes,3,3,3,3,4,4,4,4,3,3,3,3,20,6.7,,0,,,,
20150052,1,9/7/2015 15:27,Yes,1,3,2,3,3,4,3,4,1,3,0,3,10,3.3,,0,,,,
20150290,1,9/7/2015 16:34,Yes,2,3,3,3,4,4,4,4,3,3,3,3,19,6.3,,0,,,,
20150045,1,9/7/2015 15:54,Yes,3,3,1,3,4,4,3,4,3,3,3,3,17,5.7,,0,,,,
20150422,1,9/6/2015 16:57,Yes,2,3,2,3,3,4,2,4,1,3,3,3,13,4.3,,0,,,,
20151109,1,9/7/2015 14:09,Yes,3,3,2,3,3,4,3,4,3,3,2,3,16,5.3,,0,,,,
20151074,1,9/7/2015 12:17,Yes,2,3,3,3,2,4,2,4,0,3,2,3,11,3.7,,0,,,,
20150638,1,9/7/2015 14:08,Yes,3,3,3,3,4,4,3,4,2,3,2,3,17,5.7,,0,,,,
20150604,1,9/7/2015 17:57,Yes,3,3,3,3,4,4,3,4,3,3,3,3,19,6.3,,0,,,,
20150408,1,9/7/2015 15:20,Yes,1,3,2,3,4,4,2,4,3,3,3,3,15,5.0,,0,,,,
20150381,1,9/7/2015 15:32,Yes,2,3,1,3,3,4,3,4,1,3,1,3,11,3.7,,0,,,,
20150867,1,9/7/2015 12:47,Yes,3,3,3,3,4,4,4,4,3,3,2,3,19,6.3,,0,,,,
20150971,1,9/7/2015 10:58,Yes,3,3,3,3,4,4,3,4,2,3,2,3,17,5.7,,0,,,,
20150893,1,9/7/2015 9:58,Yes,2,3,3,3,4,4,3,4,2,3,3,3,17,5.7,,0,,,,
20150133,1,9/7/2015 14:57,Yes,2,3,3,3,1,4,1,4,3,3,0,3,10,3.3,,0,,,,
20150989,1,9/7/2015 17:57,Yes,2,3,2,3,4,4,4,4,3,3,3,3,18,6.0,,0,,,,
20151153,1,9/6/2015 21:49,Yes,3,3,2,3,2,4,3,4,2,3,1,3,13,4.3,,0,,,,
20150934,1,9/7/2015 15:51,Yes,0,3,3,3,3,4,1,4,2,3,1,3,10,3.3,,0,,,,
20150655,1,9/7/2015 10:38,Yes,1,3,0,3,2,4,2,4,2,3,2,3,9,3.0,,0,,,,
20150373,1,9/7/2015 14:10,Yes,1,3,1,3,4,4,3,4,3,3,3,3,15,5.0,,0,,,,
20150002,1,9/7/2015 11:44,Yes,3,3,2,3,3,4,3,4,3,3,3,3,17,5.7,,0,,,,
20150264,1,9/7/2015 10:22,Yes,3,3,1,3,2,4,4,4,1,3,3,3,14,4.7,,0,,,,
20151108,1,9/7/2015 12:39,Yes,2,3,3,3,3,4,3,4,2,3,2,3,15,5.0,,0,,,,
20150521,1,9/6/2015 21:25,Yes,2,3,2,3,4,4,2,4,2,3,1,3,13,4.3,,0,,,,
20150967,1,9/7/2015 15:03,Yes,3,3,3,3,4,4,4,4,3,3,3,3,20,6.7,,0,,,,
20150083,1,9/7/2015 9:01,Yes,-,3,2,3,3,4,3,4,3,3,3,3,14,4.7,,0,,,,
20150256,1,9/7/2015 18:00,Yes,3,3,1,3,4,4,3,4,3,3,3,3,17,5.7,,0,,,,
20150326,1,9/6/2015 20:10,Yes,0,3,2,3,2,4,2,4,3,3,3,3,12,4.0,,0,,,,
20151112,1,9/6/2015 22:57,Yes,3,3,2,3,4,4,4,4,2,3,3,3,18,6.0,,0,,,,
20150227,1,9/7/2015 8:48,Yes,3,3,2,3,3,4,2,4,3,3,3,3,16,5.3,,0,,,,
20151062,1,9/7/2015 10:02,Yes,3,3,1,3,4,4,4,4,1,3,1,3,14,4.7,,0,,,,
20150810,1,9/7/2015 15:20,Yes,2,3,2,3,4,4,1,4,-,3,2,3,11,3.7,,0,,,,
20150900,1,9/7/2015 8:29,Yes,2,3,-,3,2,4,4,4,1,3,3,3,12,4.0,,0,,,,
20150886,1,9/6/2015 21:43,Yes,2,3,3,3,3,4,3,4,2,3,2,3,15,5.0,,0,,,,
20150445,1,9/7/2015 12:51,Yes,-,3,3,3,4,4,3,4,2,3,3,3,15,5.0,,0,,,,
20150085,1,9/7/2015 17:57,Yes,3,3,3,3,4,4,3,4,2,3,3,3,18,6.0,,0,,,,
20151080,1,9/7/2015 15:50,Yes,1,3,2,3,0,4,3,4,2,3,2,3,10,3.3,,0,,,,
20151115,1,9/6/2015 22:51,Yes,1,3,2,3,1,4,3,4,2,3,1,3,10,3.3,,0,,,,
20150830,1,9/7/2015 11:43,Yes,-,3,0,3,3,4,3,4,2,3,1,3,9,3.0,,0,,,,
20150790,1,9/6/2015 17:32,Yes,2,3,1,3,4,4,4,4,3,3,3,3,17,5.7,,0,,,,
20151154,1,9/7/2015 17:08,Yes,3,3,3,3,4,4,3,4,2,3,3,3,18,6.0,,0,,,,
20150757,1,9/7/2015 16:49,Yes,3,3,1,3,4,4,4,4,2,3,3,3,17,5.7,,0,,,,
20151057,1,9/7/2015 9:15,Yes,3,3,2,3,2,4,2,4,1,3,2,3,12,4.0,,0,,,,
20150142,1,9/6/2015 13:18,Yes,3,3,3,3,4,4,4,4,3,3,3,3,20,6.7,,0,,,,
20150323,1,9/7/2015 12:23,Yes,3,3,3,3,3,4,4,4,3,3,3,3,19,6.3,,0,,,,
20150403,1,9/7/2015 13:05,Yes,2,3,0,3,2,4,3,4,2,3,0,3,9,3.0,,0,,,,
20150780,1,9/6/2015 23:06,Yes,3,3,3,3,3,4,3,4,3,3,3,3,18,6.0,,0,,,,
20150451,1,9/7/2015 9:40,Yes,3,3,3,3,4,4,3,4,2,3,3,3,18,6.0,,0,,,,
20150594,1,9/7/2015 15:24,Yes,3,3,3,3,3,4,2,4,3,3,3,3,17,5.7,,0,,,,
20150553,1,9/7/2015 9:08,Yes,3,3,3,3,1,4,1,4,1,3,1,3,10,3.3,,0,,,,
20150503,1,9/7/2015 10:56,Yes,3,3,2,3,4,4,4,4,2,3,3,3,18,6.0,,0,,,,
20150266,1,9/7/2015 16:05,Yes,1,3,3,3,3,4,2,4,3,3,3,3,15,5.0,,0,,,,
20151010,1,9/7/2015 12:46,Yes,3,3,3,3,4,4,2,4,3,3,3,3,18,6.0,,0,,,,
20150821,1,9/7/2015 12:48,Yes,3,3,2,3,3,4,4,4,3,3,3,3,18,6.0,,0,,,,
20150597,1,9/6/2015 14:16,Yes,3,3,3,3,4,4,2,4,3,3,3,3,18,6.0,,0,,,,
20150210,1,9/6/2015 21:56,Yes,3,3,-,3,4,4,3,4,3,3,3,3,16,5.3,,0,,,,
20150515,1,9/7/2015 12:43,Yes,2,3,1,3,2,4,2,4,3,3,2,3,12,4.0,,0,,,,
20150308,1,9/7/2015 16:26,Yes,1,3,3,3,3,4,2,4,2,3,3,3,14,4.7,,0,,,,
20151155,1,9/7/2015 16:00,Yes,3,3,3,3,2,4,4,4,2,3,3,3,17,5.7,,0,,,,
20150706,1,9/5/2015 18:54,Yes,2,3,3,3,4,4,4,4,3,3,3,3,19,6.3,,0,,,,
20150385,1,9/7/2015 16:45,Yes,2,3,3,3,3,4,4,4,2,3,3,3,17,5.7,,0,,,,
20150733,1,9/6/2015 23:06,Yes,3,3,3,3,2,4,4,4,3,3,3,3,18,6.0,,0,,,,
20150478,1,9/7/2015 16:34,Yes,3,3,2,3,4,4,4,4,3,3,-,3,16,5.3,,0,,,,
20150153,1,9/7/2015 14:01,Yes,2,3,2,3,3,4,3,4,3,3,2,3,15,5.0,,0,,,,
20150721,1,9/7/2015 9:15,Yes,3,3,2,3,3,4,4,4,3,3,3,3,18,6.0,,0,,,,
20151052,1,9/7/2015 15:40,Yes,-,3,3,3,2,4,2,4,3,3,2,3,12,4.0,,0,,,,
20150565,1,9/7/2015 17:39,Yes,1,3,0,3,3,4,3,4,1,3,3,3,11,3.7,,0,,,,
20150786,1,9/7/2015 16:35,Yes,0,3,1,3,3,4,3,4,3,3,3,3,13,4.3,,0,,,,
20150631,1,9/7/2015 14:22,Yes,1,3,3,3,3,4,3,4,2,3,1,3,13,4.3,,0,,,,
20150230,1,9/6/2015 15:00,Yes,3,3,1,3,4,4,3,4,2,3,3,3,16,5.3,,0,,,,
20150923,1,9/6/2015 20:08,Yes,3,3,2,3,4,4,4,4,3,3,3,3,19,6.3,,0,,,,
20150348,1,9/7/2015 7:03,Yes,3,3,2,3,3,4,3,4,3,3,3,3,17,5.7,,0,,,,
20150473,1,9/6/2015 10:48,Yes,2,3,3,3,3,4,4,4,2,3,3,3,17,5.7,,0,,,,
20150317,1,9/7/2015 15:50,Yes,3,3,3,3,4,4,1,4,-,3,3,3,14,4.7,,0,,,,
20150741,1,9/7/2015 17:33,Yes,2,3,3,3,2,4,2,4,2,3,3,3,14,4.7,,0,,,,
20150295,1,9/7/2015 14:18,Yes,3,3,2,3,4,4,-,4,2,3,3,3,14,4.7,,0,,,,
20150244,1,9/7/2015 14:15,Yes,3,3,3,3,3,4,4,4,2,3,2,3,17,5.7,,0,,,,
20150800,1,9/7/2015 16:59,Yes,2,3,3,3,3,4,2,4,-,3,1,3,11,3.7,,0,,,,
20150007,1,9/6/2015 14:46,Yes,3,3,3,3,4,4,4,4,2,3,3,3,19,6.3,,0,,,,
20150350,1,9/7/2015 9:25,Yes,2,3,2,3,2,4,4,4,3,3,3,3,16,5.3,,0,,,,
20150452,1,9/7/2015 14:42,Yes,2,3,1,3,3,4,0,4,3,3,3,3,12,4.0,,0,,,,
20151065,1,9/7/2015 14:33,Yes,2,3,2,3,4,4,-,4,2,3,1,3,11,3.7,,0,,,,
20150321,1,9/6/2015 16:47,Yes,2,3,1,3,3,4,2,4,3,3,2,3,13,4.3,,0,,,,
20151068,1,9/7/2015 15:37,Yes,3,3,-,3,4,4,3,4,3,3,3,3,16,5.3,,0,,,,
20150605,1,9/7/2015 12:29,Yes,2,3,-,3,2,4,2,4,3,3,-,3,9,3.0,,0,,,,
20150948,1,9/7/2015 16:15,Yes,2,3,2,3,2,4,2,4,3,3,3,3,14,4.7,,0,,,,
20150736,1,9/7/2015 12:23,Yes,3,3,3,3,4,4,2,4,2,3,3,3,17,5.7,,0,,,,
20150528,1,9/7/2015 17:14,Yes,3,3,1,3,3,4,3,4,-,3,3,3,13,4.3,,0,,,,
20150884,1,9/7/2015 7:49,Yes,1,3,-,3,4,4,2,4,2,3,1,3,10,3.3,,0,,,,
20150845,1,9/7/2015 14:30,Yes,-,3,2,3,3,4,4,4,1,3,2,3,12,4.0,,0,,,,
20150428,1,9/7/2015 15:19,Yes,2,3,3,3,3,4,4,4,3,3,3,3,18,6.0,,0,,,,
20151014,1,9/7/2015 14:48,Yes,-,3,1,3,3,4,2,4,1,3,2,3,9,3.0,,0,,,,
20150304,1,9/6/2015 19:46,Yes,1,3,3,3,-,4,3,4,2,3,-,3,9,3.0,,0,,,,
20150464,1,9/7/2015 15:29,Yes,2,3,3,3,3,4,3,4,3,3,2,3,16,5.3,,0,,,,
20150498,1,9/6/2015 20:52,Yes,3,3,-,3,4,4,4,4,3,3,3,3,17,5.7,,0,,,,
20150530,1,9/7/2015 11:43,Yes,1,3,3,3,3,4,4,4,3,3,2,3,16,5.3,,0,,,,
20150787,1,9/7/2015 17:51,Yes,2,3,2,3,4,4,4,4,3,3,2,3,17,5.7,,0,,,,
20150446,1,9/6/2015 10:42,Yes,3,3,2,3,4,4,4,4,3,3,3,3,19,6.3,,0,,,,
20150693,1,9/7/2015 15:24,Yes,0,3,1,3,3,4,2,4,1,3,2,3,9,3.0,,0,,,,
20150356,1,9/7/2015 14:21,Yes,2,3,2,3,1,4,2,4,2,3,1,3,10,3.3,,0,,,,
20150006,1,9/7/2015 6:31,Yes,3,3,3,3,2,4,2,4,2,3,2,3,14,4.7,,0,,,,
20150735,1,9/7/2015 17:52,Yes,3,3,1,3,3,4,3,4,0,3,2,3,12,4.0,,0,,,,
20151058,1,9/7/2015 14:06,Yes,2,3,3,3,2,4,2,4,2,3,3,3,14,4.7,,0,,,,
20151012,1,9/6/2015 22:11,Yes,3,3,2,3,2,4,2,4,2,3,2,3,13,4.3,,0,,,,
20150947,1,9/6/2015 22:48,Yes,1,3,2,3,1,4,2,4,1,3,2,3,9,3.0,,0,,,,
20151157,1,9/7/2015 12:48,Yes,3,3,3,3,3,4,3,4,1,3,-,3,13,4.3,,0,,,,
20150778,1,9/7/2015 15:59,Yes,3,3,3,3,4,4,4,4,3,3,3,3,20,6.7,,0,,,,
20150499,1,9/6/2015 21:42,Yes,2,3,3,3,4,4,4,4,3,3,3,3,19,6.3,,0,,,,
20150191,1,9/6/2015 19:25,Yes,2,3,3,3,2,4,3,4,2,3,3,3,15,5.0,,0,,,,
20150929,1,9/7/2015 14:33,Yes,2,3,3,3,2,4,4,4,3,3,3,3,17,5.7,,0,,,,
20150877,1,9/7/2015 16:37,Yes,3,3,1,3,3,4,2,4,0,3,2,3,11,3.7,,0,,,,
20151159,1,9/7/2015 15:30,Yes,3,3,1,3,4,4,3,4,3,3,3,3,17,5.7,,0,,,,
20150501,1,9/6/2015 20:52,Yes,2,3,3,3,3,4,1,4,2,3,2,3,13,4.3,,0,,,,
20150991,1,9/6/2015 15:44,Yes,-,3,2,3,2,4,4,4,3,3,3,3,14,4.7,,0,,,,
20151094,1,9/7/2015 0:41,Yes,3,3,3,3,2,4,4,4,2,3,3,3,17,5.7,,0,,,,
20150187,1,9/7/2015 16:42,Yes,2,3,3,3,2,4,3,4,2,3,-,3,12,4.0,,0,,,,
20150575,1,9/7/2015 10:28,Yes,2,3,3,3,4,4,3,4,3,3,3,3,18,6.0,,0,,,,
20150995,1,9/7/2015 15:05,Yes,3,3,3,3,4,4,4,4,3,3,3,3,20,6.7,,0,,,,
20150032,1,9/6/2015 22:19,Yes,3,3,3,3,3,4,2,4,1,3,2,3,14,4.7,,0,,,,
20150285,1,9/7/2015 11:24,Yes,2,3,2,3,4,4,4,4,3,3,2,3,17,5.7,,0,,,,
20150430,1,9/7/2015 12:11,Yes,3,3,2,3,4,4,3,4,2,3,2,3,16,5.3,,0,,,,
20150197,1,9/7/2015 17:55,Yes,3,3,3,3,3,4,4,4,3,3,3,3,19,6.3,,0,,,,
20150913,1,9/6/2015 23:47,Yes,2,3,1,3,3,4,3,4,1,3,2,3,12,4.0,,0,,,,
20150627,1,9/6/2015 22:19,Yes,1,3,3,3,3,4,4,4,1,3,3,3,15,5.0,,0,,,,
20150102,1,9/7/2015 17:12,Yes,2,3,2,3,3,4,3,4,2,3,2,3,14,4.7,,0,,,,
20150128,1,9/6/2015 22:30,Yes,2,3,2,3,4,4,2,4,2,3,3,3,15,5.0,,0,,,,
20150685,1,9/7/2015 13:00,Yes,3,3,1,3,2,4,3,4,2,3,2,3,13,4.3,,0,,,,
20150202,1,9/6/2015 21:37,Yes,3,3,1,3,4,4,2,4,1,3,2,3,13,4.3,,0,,,,
20150199,1,9/7/2015 13:43,Yes,3,3,2,3,2,4,4,4,3,3,2,3,16,5.3,,0,,,,
20150813,1,9/7/2015 16:41,Yes,2,3,-,3,3,4,3,4,3,3,-,3,11,3.7,,0,,,,
20150359,1,9/6/2015 13:45,Yes,3,3,2,3,3,4,1,4,2,3,1,3,12,4.0,,0,,,,
20150581,1,9/7/2015 14:20,Yes,3,3,3,3,3,4,4,4,3,3,3,3,19,6.3,,0,,,,
20150423,1,9/7/2015 12:25,Yes,3,3,3,3,2,4,3,4,3,3,3,3,17,5.7,,0,,,,
20150013,1,9/7/2015 10:42,Yes,1,3,2,3,4,4,4,4,3,3,3,3,17,5.7,,0,,,,
20150618,1,9/7/2015 7:34,Yes,3,3,3,3,3,4,4,4,3,3,3,3,19,6.3,,0,,,,
20151161,1,9/7/2015 12:19,Yes,2,3,3,3,4,4,4,4,2,3,2,3,17,5.7,,0,,,,
20150029,1,9/6/2015 22:09,Yes,3,3,3,3,4,4,2,4,-,3,1,3,13,4.3,,0,,,,
20150152,1,9/7/2015 11:20,Yes,2,3,3,3,4,4,4,4,3,3,3,3,19,6.3,,0,,,,
20151018,1,9/7/2015 17:52,Yes,3,3,1,3,3,4,2,4,2,3,3,3,14,4.7,,0,,,,
20150425,1,9/7/2015 11:07,Yes,3,3,3,3,1,4,2,4,3,3,1,3,13,4.3,,0,,,,
20150519,1,9/7/2015 9:59,Yes,3,3,2,3,2,4,3,4,1,3,3,3,14,4.7,,0,,,,
20151162,1,9/7/2015 14:05,Yes,0,3,3,3,2,4,0,4,2,3,2,3,9,3.0,,0,,,,
20150158,1,9/7/2015 13:27,Yes,1,3,3,3,3,4,1,4,2,3,3,3,13,4.3,,0,,,,
20151044,1,9/7/2015 17:14,Yes,2,3,3,3,2,4,3,4,2,3,2,3,14,4.7,,0,,,,
20150031,1,9/7/2015 16:17,Yes,3,3,3,3,4,4,4,4,3,3,3,3,20,6.7,,0,,,,
20151019,1,9/7/2015 12:07,Yes,3,3,2,3,4,4,3,4,3,3,3,3,18,6.0,,0,,,,
20150092,1,9/6/2015 21:28,Yes,3,3,1,3,3,4,0,4,3,3,3,3,13,4.3,,0,,,,
20150820,1,9/7/2015 17:33,Yes,-,3,0,3,4,4,4,4,3,3,3,3,14,4.7,,0,,,,
20151163,1,9/7/2015 12:45,Yes,3,3,2,3,2,4,2,4,-,3,0,3,9,3.0,,0,,,,
20150436,1,9/7/2015 14:32,Yes,3,3,3,3,4,4,3,4,2,3,3,3,18,6.0,,0,,,,
20150362,1,9/7/2015 17:52,Yes,3,3,3,3,4,4,4,4,3,3,3,3,20,6.7,,0,,,,
20150998,1,9/7/2015 17:40,Yes,3,3,3,3,4,4,-,4,2,3,2,3,14,4.7,,0,,,,
20150440,1,9/7/2015 16:26,Yes,3,3,3,3,4,4,4,4,3,3,3,3,20,6.7,,0,,,,
20151087,1,9/7/2015 12:40,Yes,2,3,2,3,4,4,4,4,1,3,1,3,14,4.7,,0,,,,
20151164,1,9/7/2015 17:58,Yes,3,3,-,3,3,4,4,4,3,3,3,3,16,5.3,,0,,,,
20150582,1,9/7/2015 8:26,Yes,1,3,3,3,3,4,1,4,2,3,3,3,13,4.3,,0,,,,
20150175,1,9/7/2015 17:12,Yes,2,3,1,3,4,4,4,4,2,3,3,3,16,5.3,,0,,,,
20150688,1,9/7/2015 17:58,Yes,3,3,3,3,4,4,4,4,2,3,2,3,18,6.0,,0,,,,
20151116,1,9/7/2015 17:58,Yes,3,3,1,3,4,4,3,4,3,3,2,3,16,5.3,,0,,,,
20150887,1,9/7/2015 15:12,Yes,3,3,2,3,4,4,4,4,2,3,2,3,17,5.7,,0,,,,
20150105,1,9/7/2015 14:21,Yes,3,3,3,3,4,4,4,4,3,3,2,3,19,6.3,,0,,,,
20150198,1,9/7/2015 13:19,Yes,2,3,-,3,2,4,3,4,3,3,3,3,13,4.3,,0,,,,
20151049,1,9/7/2015 16:17,Yes,2,3,3,3,4,4,2,4,3,3,3,3,17,5.7,,0,,,,
20150088,1,9/7/2015 17:43,Yes,2,3,3,3,3,4,3,4,3,3,1,3,15,5.0,,0,,,,
20150176,1,9/6/2015 19:46,Yes,3,3,3,3,4,4,3,4,2,3,3,3,18,6.0,,0,,,,
20150881,1,9/6/2015 14:46,Yes,1,3,-,3,2,4,2,4,3,3,3,3,11,3.7,,0,,,,
20151102,1,9/7/2015 13:35,Yes,3,3,3,3,4,4,4,4,3,3,3,3,20,6.7,,0,,,,
20150894,1,9/3/2015 20:39,Yes,-,3,1,3,4,4,3,4,3,3,3,3,14,4.7,,0,,,,
20150875,1,9/6/2015 21:00,Yes,2,3,3,3,4,4,2,4,2,3,2,3,15,5.0,,0,,,,
20150670,1,9/7/2015 17:08,Yes,3,3,3,3,3,4,1,4,3,3,0,3,13,4.3,,0,,,,
20150221,1,9/7/2015 17:23,Yes,3,3,1,3,0,4,3,4,2,3,2,3,11,3.7,,0,,,,
20150682,1,9/7/2015 13:10,Yes,2,3,2,3,3,4,0,4,3,3,2,3,12,4.0,,0,,,,
20150891,1,9/7/2015 17:28,Yes,3,3,1,3,3,4,0,4,2,3,2,3,11,3.7,,0,,,,
20150038,1,9/7/2015 15:11,Yes,3,3,-,3,3,4,4,4,2,3,2,3,14,4.7,,0,,,,
20150269,1,9/7/2015 16:39,Yes,2,3,1,3,4,4,4,4,3,3,2,3,16,5.3,,0,,,,
20150648,1,9/7/2015 12:21,Yes,2,3,1,3,3,4,2,4,3,3,2,3,13,4.3,,0,,,,
20150419,1,9/7/2015 16:15,Yes,2,3,3,3,3,4,2,4,2,3,3,3,15,5.0,,0,,,,
20151165,1,9/6/2015 18:50,Yes,2,3,2,3,3,4,3,4,2,3,-,3,12,4.0,,0,,,,
20150997,1,9/7/2015 17:56,Yes,2,3,3,3,3,4,1,4,3,3,2,3,14,4.7,,0,,,,
20150384,1,9/7/2015 8:15,Yes,3,3,3,3,4,4,4,4,3,3,3,3,20,6.7,,0,,,,
20150727,1,9/7/2015 14:49,Yes,2,3,3,3,4,4,4,4,3,3,2,3,18,6.0,,0,,,,
20150414,1,9/7/2015 15:19,Yes,3,3,-,3,2,4,2,4,3,3,3,3,13,4.3,,0,,,,
20150546,1,9/7/2015 0:52,Yes,2,3,0,3,3,4,3,4,2,3,3,3,13,4.3,,0,,,,
20150551,1,9/7/2015 16:11,Yes,3,3,1,3,2,4,3,4,1,3,3,3,13,4.3,,0,,,,
20151166,1,9/7/2015 9:17,Yes,3,3,1,3,1,4,4,4,0,3,3,3,12,4.0,,0,,,,
20150866,1,9/6/2015 11:25,Yes,3,3,2,3,3,4,1,4,3,3,1,3,13,4.3,,0,,,,
20150710,1,9/7/2015 15:43,Yes,3,3,2,3,4,4,2,4,3,3,1,3,15,5.0,,0,,,,
20151022,1,9/7/2015 12:04,Yes,2,3,3,3,3,4,4,4,3,3,3,3,18,6.0,,0,,,,
20151167,1,9/7/2015 12:26,Yes,3,3,3,3,3,4,3,4,2,3,3,3,17,5.7,,0,,,,
20150676,1,9/7/2015 15:51,Yes,3,3,1,3,4,4,4,4,2,3,2,3,16,5.3,,0,,,,
20150614,1,9/7/2015 15:01,Yes,-,3,1,3,2,4,3,4,3,3,2,3,11,3.7,,0,,,,
20150718,1,9/7/2015 17:07,Yes,1,3,1,3,0,4,3,4,3,3,1,3,9,3.0,,0,,,,
20150533,1,9/6/2015 23:12,Yes,2,3,2,3,3,4,-,4,3,3,3,3,13,4.3,,0,,,,
20150591,1,9/6/2015 13:05,Yes,2,3,-,3,2,4,4,4,1,3,3,3,12,4.0,,0,,,,
20151050,1,9/7/2015 16:09,Yes,3,3,1,3,4,4,4,4,1,3,3,3,16,5.3,,0,,,,
20150059,1,9/7/2015 11:12,Yes,2,3,3,3,3,4,4,4,3,3,3,3,18,6.0,,0,,,,
20150784,1,9/7/2015 17:34,Yes,2,3,1,3,3,4,-,4,-,3,3,3,9,3.0,,0,,,,
20150327,1,9/7/2015 8:51,Yes,-,3,1,3,3,4,2,4,3,3,2,3,11,3.7,,0,,,,
20151083,1,9/7/2015 6:35,Yes,2,3,-,3,4,4,4,4,2,3,3,3,15,5.0,,0,,,,
20150905,1,9/7/2015 17:26,Yes,3,3,3,3,3,4,3,4,2,3,3,3,17,5.7,,0,,,,
20150751,1,9/7/2015 14:17,Yes,3,3,2,3,4,4,3,4,1,3,1,3,14,4.7,,0,,,,
20150259,1,9/7/2015 15:43,Yes,3,3,3,3,4,4,3,4,2,3,2,3,17,5.7,,0,,,,
20151169,1,9/7/2015 16:46,Yes,3,3,3,3,4,4,4,4,3,3,3,3,20,6.7,,0,,,,
20150629,1,9/7/2015 0:31,Yes,2,3,-,3,3,4,2,4,1,3,1,3,9,3.0,,0,,,,
20150064,1,9/7/2015 15:47,Yes,2,3,2,3,3,4,4,4,3,3,2,3,16,5.3,,0,,,,
20150811,1,9/7/2015 11:37,Yes,2,3,1,3,1,4,4,4,3,3,3,3,14,4.7,,0,,,,
20150082,1,9/7/2015 8:02,Yes,1,3,3,3,4,4,4,4,2,3,3,3,17,5.7,,0,,,,
20150889,1,9/7/2015 16:11,Yes,2,3,3,3,4,4,3,4,2,3,3,3,17,5.7,,0,,,,
20150540,1,9/7/2015 15:52,Yes,3,3,2,3,2,4,3,4,3,3,3,3,16,5.3,,0,,,,
20150126,1,9/6/2015 17:22,Yes,2,3,2,3,-,4,3,4,3,3,3,3,13,4.3,,0,,,,
20150974,1,9/7/2015 15:27,Yes,1,3,1,3,4,4,3,4,3,3,3,3,15,5.0,,0,,,,
20150975,1,9/7/2015 10:34,Yes,3,3,2,3,2,4,2,4,2,3,2,3,13,4.3,,0,,,,
20150526,1,9/7/2015 17:05,Yes,3,3,3,3,3,4,4,4,-,3,2,3,15,5.0,,0,,,,
20150127,1,9/7/2015 16:47,Yes,2,3,2,3,4,4,3,4,3,3,2,3,16,5.3,,0,,,,
20150665,1,9/7/2015 15:46,Yes,0,3,0,3,4,4,1,4,3,3,3,3,11,3.7,,0,,,,
20150535,1,9/7/2015 12:03,Yes,2,3,3,3,4,4,4,4,2,3,1,3,16,5.3,,0,,,,
20151046,1,9/7/2015 15:55,Yes,3,3,3,3,4,4,3,4,3,3,2,3,18,6.0,,0,,,,
20150958,1,9/7/2015 14:06,Yes,3,3,2,3,2,4,4,4,3,3,1,3,15,5.0,,0,,,,
20150968,1,9/7/2015 15:45,Yes,3,3,2,3,4,4,2,4,0,3,2,3,13,4.3,,0,,,,
20150418,1,9/7/2015 15:50,Yes,2,3,2,3,1,4,3,4,2,3,3,3,13,4.3,,0,,,,
20150039,1,9/6/2015 21:08,Yes,-,3,-,3,2,4,4,4,3,3,3,3,12,4.0,,0,,,,
20150808,1,9/7/2015 15:40,Yes,2,3,3,3,3,4,4,4,3,3,3,3,18,6.0,,0,,,,
20150275,1,9/7/2015 17:09,Yes,2,3,2,3,3,4,4,4,3,3,1,3,15,5.0,,0,,,,
20151170,1,9/7/2015 11:20,Yes,3,3,2,3,4,4,3,4,2,3,3,3,17,5.7,,0,,,,
20150601,1,9/7/2015 8:00,Yes,3,3,2,3,2,4,4,4,2,3,2,3,15,5.0,,0,,,,
20150164,1,9/7/2015 17:40,Yes,3,3,0,3,3,4,2,4,0,3,3,3,11,3.7,,0,,,,
20150213,1,9/7/2015 12:01,Yes,3,3,3,3,4,4,3,4,2,3,2,3,17,5.7,,0,,,,
20150482,1,9/7/2015 14:13,Yes,3,3,3,3,4,4,4,4,3,3,3,3,20,6.7,,0,,,,
20151011,1,9/7/2015 16:10,Yes,3,3,2,3,1,4,4,4,2,3,3,3,15,5.0,,0,,,,
20150639,1,9/6/2015 17:41,Yes,2,3,1,3,4,4,1,4,2,3,3,3,13,4.3,,0,,,,
20150742,1,9/7/2015 16:56,Yes,2,3,3,3,4,4,3,4,2,3,3,3,17,5.7,,0,,,,
20150752,1,9/7/2015 10:02,Yes,0,3,2,3,2,4,-,4,2,3,3,3,9,3.0,,0,,,,
20150255,1,9/6/2015 23:49,Yes,3,3,3,3,1,4,1,4,-,3,3,3,11,3.7,,0,,,,
20150367,1,9/7/2015 11:33,Yes,1,3,2,3,4,4,3,4,3,3,3,3,16,5.3,,0,,,,
20150901,1,9/7/2015 8:35,Yes,3,3,2,3,2,4,3,4,3,3,3,3,16,5.3,,0,,,,
20150322,1,9/7/2015 15:41,Yes,3,3,2,3,3,4,2,4,-,3,-,3,10,3.3,,0,,,,
20150652,1,9/7/2015 11:41,Yes,3,3,3,3,4,4,1,4,2,3,3,3,16,5.3,,0,,,,
20150497,1,9/7/2015 14:12,Yes,3,3,2,3,2,4,3,4,-,3,3,3,13,4.3,,0,,,,
20150729,1,9/7/2015 10:09,Yes,3,3,-,3,2,4,2,4,2,3,1,3,10,3.3,,0,,,,
20151171,1,9/7/2015 15:19,Yes,2,3,2,3,3,4,3,4,1,3,3,3,14,4.7,,0,,,,
20150734,1,9/6/2015 21:42,Yes,3,3,1,3,4,4,3,4,1,3,3,3,15,5.0,,0,,,,
20150603,1,9/7/2015 13:47,Yes,-,3,-,3,4,4,-,4,3,3,3,3,10,3.3,,0,,,,
20150694,1,9/7/2015 8:43,Yes,3,3,-,3,4,4,2,4,3,3,0,3,12,4.0,,0,,,,
20150024,1,9/7/2015 12:48,Yes,3,3,3,3,4,4,4,4,3,3,1,3,18,6.0,,0,,,,
20151051,1,9/7/2015 8:15,Yes,0,3,3,3,4,4,3,4,3,3,3,3,16,5.3,,0,,,,
20150545,1,9/7/2015 14:22,Yes,-,3,2,3,2,4,2,4,1,3,3,3,10,3.3,,0,,,,
20150570,1,9/7/2015 15:35,Yes,3,3,3,3,0,4,2,4,3,3,1,3,12,4.0,,0,,,,
20150040,1,9/7/2015 15:08,Yes,3,3,0,3,3,4,3,4,2,3,0,3,11,3.7,,0,,,,
20150550,1,9/7/2015 15:23,Yes,3,3,2,3,4,4,4,4,3,3,3,3,19,6.3,,0,,,,
20150940,1,9/7/2015 9:14,Yes,3,3,2,3,2,4,3,4,2,3,2,3,14,4.7,,0,,,,
20151009,1,9/7/2015 10:22,Yes,2,3,3,3,3,4,3,4,3,3,3,3,17,5.7,,0,,,,
20150873,1,9/7/2015 11:45,Yes,2,3,3,3,1,4,2,4,1,3,2,3,11,3.7,,0,,,,
20150505,1,9/7/2015 16:06,Yes,3,3,3,3,3,4,3,4,1,3,3,3,16,5.3,,0,,,,
20151172,1,9/7/2015 13:06,Yes,3,3,1,3,2,4,-,4,3,3,2,3,11,3.7,,0,,,,
20150217,1,9/7/2015 15:51,Yes,2,3,2,3,3,4,4,4,3,3,3,3,17,5.7,,0,,,,
20151173,1,9/7/2015 13:16,Yes,1,3,2,3,2,4,3,4,1,3,-,3,9,3.0,,0,,,,
20150713,1,9/7/2015 11:15,Yes,3,3,3,3,2,4,3,4,2,3,1,3,14,4.7,,0,,,,
20150596,1,9/7/2015 9:38,Yes,-,3,2,3,3,4,3,4,2,3,2,3,12,4.0,,0,,,,
20150222,1,9/7/2015 12:36,Yes,0,3,3,3,4,4,3,4,2,3,2,3,14,4.7,,0,,,,
20150037,1,9/7/2015 13:16,Yes,2,3,2,3,4,4,1,4,3,3,2,3,14,4.7,,0,,,,
20151004,1,9/6/2015 23:16,Yes,2,3,2,3,4,4,2,4,3,3,3,3,16,5.3,,0,,,,
20150389,1,9/7/2015 16:42,Yes,2,3,2,3,4,4,1,4,3,3,3,3,15,5.0,,0,,,,
20150053,1,9/6/2015 16:34,Yes,3,3,3,3,4,4,3,4,3,3,3,3,19,6.3,,0,,,,
20150716,1,9/7/2015 17:53,Yes,3,3,0,3,3,4,2,4,0,3,3,3,11,3.7,,0,,,,
20150091,1,9/4/2015 15:01,Yes,2,3,1,3,4,4,2,4,3,3,3,3,15,5.0,,0,,,,
20151027,1,9/7/2015 16:25,Yes,2,3,2,3,4,4,3,4,2,3,3,3,16,5.3,,0,,,,
20150745,1,9/7/2015 17:59,Yes,-,3,2,3,3,4,4,4,1,3,-,3,10,3.3,,0,,,,
20150799,1,9/7/2015 13:36,Yes,3,3,3,3,4,4,3,4,1,3,1,3,15,5.0,,0,,,,
20150658,1,9/7/2015 11:10,Yes,3,3,3,3,3,4,2,4,3,3,1,3,15,5.0,,0,,,,
20150344,1,9/7/2015 2:10,Yes,3,3,2,3,4,4,4,4,3,3,3,3,19,6.3,,0,,,,
20151174,1,9/7/2015 10:41,Yes,-,3,2,3,4,4,2,4,-,3,2,3,10,3.3,,0,,,,
20150876,1,9/7/2015 10:04,Yes,3,3,2,3,4,4,1,4,2,3,3,3,15,5.0,,0,,,,
20150354,1,9/7/2015 15:09,Yes,3,3,3,3,4,4,3,4,3,3,2,3,18,6.0,,0,,,,
20150298,1,9/7/2015 16:02,Yes,-,3,3,3,3,4,3,4,2,3,2,3,13,4.3,,0,,,,
20150363,1,9/7/2015 14:02,Yes,2,3,1,3,0,4,4,4,2,3,2,3,11,3.7,,0,,,,
20151175,1,9/6/2015 15:46,Yes,1,3,3,3,4,4,3,4,3,3,2,3,16,5.3,,0,,,,
20150507,1,9/7/2015 11:46,Yes,-,3,2,3,3,4,3,4,3,3,3,3,14,4.7,,0,,,,
20150510,1,9/6/2015 17:43,Yes,3,3,2,3,4,4,4,4,3,3,3,3,19,6.3,,0,,,,
20150906,1,9/7/2015 14:16,Yes,2,3,2,3,3,4,2,4,-,3,-,3,9,3.0,,0,,,,
20150017,1,9/7/2015 16:38,Yes,2,3,3,3,2,4,3,4,3,3,3,3,16,5.3,,0,,,,
20150231,1,9/7/2015 13:15,Yes,3,3,3,3,4,4,4,4,3,3,3,3,20,6.7,,0,,,,
20150137,1,9/6/2015 21:44,Yes,2,3,2,3,3,4,4,4,3,3,3,3,17,5.7,,0,,,,
20150568,1,9/7/2015 17:55,Yes,3,3,3,3,3,4,4,4,3,3,3,3,19,6.3,,0,,,,
20150883,1,9/6/2015 17:37,Yes,2,3,3,3,3,4,3,4,3,3,2,3,16,5.3,,0,,,,
20150966,1,9/7/2015 17:02,Yes,3,3,1,3,4,4,3,4,3,3,0,3,14,4.7,,0,,,,
20151039,1,9/7/2015 0:17,Yes,-,3,2,3,2,4,2,4,1,3,3,3,10,3.3,,0,,,,
20150306,1,9/6/2015 21:25,Yes,2,3,3,3,4,4,3,4,3,3,3,3,18,6.0,,0,,,,
20150819,1,9/7/2015 17:52,Yes,2,3,3,3,2,4,2,4,2,3,3,3,14,4.7,,0,,,,
20150941,1,9/7/2015 16:24,Yes,3,3,3,3,4,4,3,4,3,3,3,3,19,6.3,,0,,,,
20150725,1,9/7/2015 10:13,Yes,3,3,2,3,4,4,4,4,3,3,3,3,19,6.3,,0,,,,
20150620,1,9/7/2015 14:47,Yes,2,3,2,3,4,4,4,4,3,3,3,3,18,6.0,,0,,,,
20150393,1,9/7/2015 11:37,Yes,3,3,3,3,4,4,4,4,3,3,3,3,20,6.7,,0,,,,
20151017,1,9/7/2015 12:40,Yes,3,3,3,3,4,4,3,4,3,3,3,3,19,6.3,,0,,,,
20151176,1,9/7/2015 12:22,Yes,3,3,2,3,4,4,1,4,2,3,2,3,14,4.7,,0,,,,
20151069,1,9/7/2015 15:39,Yes,3,3,3,3,3,4,2,4,1,3,1,3,13,4.3,,0,,,,
20150931,1,9/7/2015 11:49,Yes,1,3,3,3,2,4,3,4,3,3,2,3,14,4.7,,0,,,,
20150115,1,9/7/2015 12:54,Yes,-,3,3,3,1,4,2,4,2,3,2,3,10,3.3,,0,,,,
20150160,1,9/7/2015 14:51,Yes,2,3,2,3,1,4,3,4,1,3,2,3,11,3.7,,0,,,,
20150654,1,9/7/2015 15:36,Yes,2,3,2,3,2,4,3,4,2,3,3,3,14,4.7,,0,,,,
20150764,1,9/7/2015 7:12,Yes,2,3,2,3,4,4,3,4,3,3,2,3,16,5.3,,0,,,,
20150426,1,9/7/2015 15:02,Yes,1,3,2,3,4,4,2,4,2,3,2,3,13,4.3,,0,,,,
20151081,1,9/7/2015 13:27,Yes,2,3,2,3,3,4,4,4,2,3,0,3,13,4.3,,0,,,,
20150834,1,9/7/2015 15:35,Yes,3,3,2,3,4,4,3,4,0,3,-,3,12,4.0,,0,,,,
20150022,1,9/6/2015 13:34,Yes,3,3,1,3,3,4,3,4,1,3,1,3,12,4.0,,0,,,,
20150904,1,9/6/2015 20:44,Yes,3,3,3,3,3,4,4,4,3,3,3,3,19,6.3,,0,,,,
20151177,1,9/7/2015 15:27,Yes,3,3,2,3,4,4,4,4,3,3,2,3,18,6.0,,0,,,,
20150472,1,9/7/2015 16:33,Yes,3,3,0,3,4,4,4,4,3,3,3,3,17,5.7,,0,,,,
20150005,1,9/6/2015 17:08,Yes,3,3,3,3,4,4,1,4,3,3,2,3,16,5.3,,0,,,,
20150437,1,9/7/2015 12:13,Yes,1,3,2,3,4,4,3,4,3,3,3,3,16,5.3,,0,,,,
20150961,1,9/7/2015 15:31,Yes,3,3,3,3,4,4,3,4,3,3,2,3,18,6.0,,0,,,,
20150766,1,9/7/2015 10:19,Yes,3,3,3,3,4,4,4,4,3,3,3,3,20,6.7,,0,,,,
20150334,1,9/7/2015 8:04,Yes,3,3,2,3,4,4,3,4,3,3,3,3,18,6.0,,0,,,,
20151178,1,9/7/2015 8:42,Yes,3,3,2,3,4,4,3,4,2,3,3,3,17,5.7,,0,,,,
20150950,1,9/7/2015 16:30,Yes,3,3,1,3,3,4,3,4,1,3,0,3,11,3.7,,0,,,,
20150822,1,9/6/2015 14:18,Yes,0,3,2,3,2,4,3,4,2,3,1,3,10,3.3,,0,,,,
20150645,1,9/7/2015 17:21,Yes,2,3,3,3,3,4,4,4,3,3,3,3,18,6.0,,0,,,,
20150754,1,9/6/2015 21:00,Yes,3,3,2,3,4,4,3,4,2,3,-,3,14,4.7,,0,,,,
20150345,1,9/6/2015 22:24,Yes,3,3,1,3,3,4,4,4,1,3,2,3,14,4.7,,0,,,,
20151096,1,9/7/2015 14:33,Yes,2,3,3,3,3,4,3,4,2,3,1,3,14,4.7,,0,,,,
20150103,1,9/7/2015 7:01,Yes,3,3,3,3,3,4,2,4,3,3,2,3,16,5.3,,0,,,,
20151067,1,9/7/2015 14:08,Yes,3,3,3,3,4,4,4,4,2,3,3,3,19,6.3,,0,,,,
20150149,1,9/7/2015 11:51,Yes,3,3,3,3,1,4,4,4,3,3,3,3,17,5.7,,0,,,,
20150888,1,9/7/2015 17:31,Yes,1,3,1,3,2,4,1,4,2,3,2,3,9,3.0,,0,,,,
20150459,1,9/7/2015 0:00,Yes,2,3,0,3,2,4,4,4,2,3,3,3,13,4.3,,0,,,,
20150576,1,9/7/2015 13:13,Yes,2,3,2,3,3,4,2,4,2,3,3,3,14,4.7,,0,,,,
20150421,1,9/7/2015 13:11,Yes,1,3,-,3,3,4,3,4,2,3,3,3,12,4.0,,0,,,,
20150561,1,9/7/2015 11:06,Yes,3,3,3,3,4,4,4,4,2,3,3,3,19,6.3,,0,,,,
20150003,1,9/7/2015 9:20,Yes,-,3,3,3,2,4,4,4,0,3,0,3,9,3.0,,0,,,,
20150078,1,9/6/2015 18:27,Yes,-,3,1,3,4,4,4,4,3,3,2,3,14,4.7,,0,,,,
20150572,1,9/7/2015 11:43,Yes,3,3,-,3,3,4,3,4,3,3,3,3,15,5.0,,0,,,,
20150977,1,9/6/2015 21:24,Yes,3,3,3,3,4,4,4,4,1,3,2,3,17,5.7,,0,,,,
20150860,1,9/7/2015 16:14,Yes,3,3,1,3,4,4,2,4,1,3,2,3,13,4.3,,0,,,,
20150155,1,9/7/2015 16:28,Yes,2,3,-,3,3,4,4,4,3,3,2,3,14,4.7,,0,,,,
20150123,1,9/7/2015 2:54,Yes,3,3,1,3,3,4,2,4,2,3,2,3,13,4.3,,0,,,,
20150380,1,9/7/2015 12:03,Yes,3,3,3,3,4,4,2,4,3,3,3,3,18,6.0,,0,,,,
20150364,1,9/7/2015 11:48,Yes,1,3,3,3,2,4,2,4,3,3,3,3,14,4.7,,0,,,,
20150802,1,9/7/2015 15:45,Yes,1,3,3,3,4,4,4,4,3,3,3,3,18,6.0,,0,,,,
20150767,1,9/7/2015 16:21,Yes,1,3,3,3,3,4,3,4,-,3,1,3,11,3.7,,0,,,,
20150268,1,9/7/2015 14:54,Yes,3,3,2,3,3,4,2,4,1,3,2,3,13,4.3,,0,,,,
20150207,1,9/6/2015 21:48,Yes,2,3,2,3,4,4,3,4,3,3,-,3,14,4.7,,0,,,,
20150772,1,9/7/2015 15:36,Yes,2,3,2,3,4,4,3,4,3,3,3,3,17,5.7,,0,,,,
20150959,1,9/6/2015 16:15,Yes,3,3,2,3,3,4,4,4,3,3,3,3,18,6.0,,0,,,,
20150985,1,9/7/2015 13:40,Yes,2,3,2,3,3,4,4,4,3,3,-,3,14,4.7,,0,,,,
20150720,1,9/7/2015 17:54,Yes,2,3,3,3,4,4,-,4,-,3,-,3,9,3.0,,0,,,,
20150870,1,9/7/2015 16:25,Yes,2,3,1,3,2,4,3,4,3,3,2,3,13,4.3,,0,,,,
20150162,1,9/6/2015 22:20,Yes,2,3,3,3,4,4,4,4,2,3,2,3,17,5.7,,0,,,,
20150093,1,9/7/2015 13:06,Yes,3,3,2,3,2,4,2,4,2,3,2,3,13,4.3,,0,,,,
20150460,1,9/7/2015 10:20,Yes,3,3,3,3,4,4,4,4,3,3,3,3,20,6.7,,0,,,,
20150324,1,9/6/2015 23:02,Yes,3,3,2,3,3,4,3,4,2,3,3,3,16,5.3,,0,,,,
20150177,1,9/7/2015 17:26,Yes,3,3,3,3,4,4,3,4,3,3,3,3,19,6.3,,0,,,,
20150076,1,9/7/2015 16:39,Yes,3,3,2,3,4,4,4,4,2,3,3,3,18,6.0,,0,,,,
20150854,1,9/7/2015 13:39,Yes,3,3,3,3,2,4,3,4,2,3,2,3,15,5.0,,0,,,,
20150315,1,9/7/2015 16:54,Yes,3,3,3,3,4,4,3,4,2,3,2,3,17,5.7,,0,,,,
20150831,1,9/7/2015 15:19,Yes,2,3,2,3,2,4,2,4,2,3,1,3,11,3.7,,0,,,,
20150916,1,9/7/2015 11:45,Yes,1,3,3,3,4,4,1,4,3,3,2,3,14,4.7,,0,,,,
20150417,1,9/7/2015 13:12,Yes,3,3,2,3,3,4,4,4,3,3,3,3,18,6.0,,0,,,,
20150125,1,9/7/2015 14:23,Yes,3,3,1,3,0,4,2,4,2,3,3,3,11,3.7,,0,,,,
20150379,1,9/7/2015 17:59,Yes,3,3,3,3,4,4,3,4,2,3,3,3,18,6.0,,0,,,,
20150789,1,9/7/2015 16:51,Yes,3,3,3,3,4,4,4,4,1,3,2,3,17,5.7,,0,,,,
20150969,1,9/6/2015 20:41,Yes,3,3,3,3,0,4,2,4,2,3,-,3,10,3.3,,0,,,,
20150247,1,9/6/2015 22:43,Yes,2,3,2,3,4,4,4,4,3,3,1,3,16,5.3,,0,,,,
20150257,1,9/7/2015 14:18,Yes,3,3,2,3,4,4,3,4,3,3,3,3,18,6.0,,0,,,,
20150466,1,9/7/2015 17:57,Yes,2,3,3,3,4,4,3,4,3,3,3,3,18,6.0,,0,,,,
20150033,1,9/7/2015 9:41,Yes,3,3,3,3,4,4,3,4,3,3,3,3,19,6.3,,0,,,,
20150312,1,9/6/2015 23:51,Yes,3,3,3,3,3,4,4,4,2,3,3,3,18,6.0,,0,,,,
20150562,1,9/7/2015 10:21,Yes,3,3,2,3,3,4,1,4,3,3,1,3,13,4.3,,0,,,,
20150539,1,9/7/2015 14:15,Yes,2,3,3,3,2,4,2,4,3,3,2,3,14,4.7,,0,,,,
20150407,1,9/7/2015 16:08,Yes,-,3,3,3,4,4,2,4,3,3,2,3,14,4.7,,0,,,,
20150512,1,9/7/2015 17:51,Yes,3,3,1,3,4,4,2,4,3,3,3,3,16,5.3,,0,,,,
20150392,1,9/7/2015 14:28,Yes,0,3,3,3,3,4,1,4,3,3,2,3,12,4.0,,0,,,,
20150035,1,9/6/2015 17:01,Yes,2,3,3,3,4,4,4,4,3,3,3,3,19,6.3,,0,,,,
20150803,1,9/7/2015 17:34,Yes,2,3,3,3,2,4,2,4,1,3,1,3,11,3.7,,0,,,,
20150435,1,9/6/2015 18:01,Yes,-,3,1,3,3,4,3,4,2,3,3,3,12,4.0,,0,,,,
20150046,1,9/7/2015 18:00,Yes,2,3,3,3,1,4,3,4,-,3,2,3,11,3.7,,0,,,,
20150173,1,9/6/2015 20:48,Yes,0,3,2,3,4,4,3,4,3,3,2,3,14,4.7,,0,,,,
20150549,1,9/7/2015 10:00,Yes,3,3,1,3,-,4,3,4,2,3,2,3,11,3.7,,0,,,,
20150879,1,9/7/2015 10:22,Yes,2,3,2,3,4,4,2,4,3,3,3,3,16,5.3,,0,,,,
20150837,1,9/7/2015 11:07,Yes,3,3,1,3,3,4,3,4,2,3,1,3,13,4.3,,0,,,,
20150279,1,9/7/2015 7:50,Yes,2,3,1,3,3,4,3,4,0,3,2,3,11,3.7,,0,,,,
20151184,1,9/7/2015 17:05,Yes,-,3,3,3,4,4,4,4,3,3,3,3,17,5.7,,0,,,,
20151045,1,9/7/2015 14:52,Yes,2,3,3,3,3,4,3,4,3,3,3,3,17,5.7,,0,,,,
20150297,1,9/7/2015 15:48,Yes,2,3,3,3,4,4,3,4,1,3,3,3,16,5.3,,0,,,,
20150331,1,9/7/2015 13:34,Yes,-,3,2,3,4,4,3,4,1,3,2,3,12,4.0,,0,,,,
20150504,1,9/7/2015 15:51,Yes,2,3,3,3,4,4,4,4,3,3,3,3,19,6.3,,0,,,,
20150895,1,9/7/2015 8:02,Yes,1,3,2,3,2,4,4,4,3,3,3,3,15,5.0,,0,,,,
20150927,1,9/7/2015 13:43,Yes,3,3,2,3,4,4,4,4,3,3,3,3,19,6.3,,0,,,,
20150147,1,9/7/2015 16:29,Yes,2,3,3,3,3,4,3,4,3,3,3,3,17,5.7,,0,,,,
20150427,1,9/7/2015 15:47,Yes,3,3,3,3,3,4,3,4,3,3,2,3,17,5.7,,0,,,,
20150179,1,9/7/2015 14:36,Yes,0,3,2,3,2,4,3,4,3,3,3,3,13,4.3,,0,,,,
20150495,1,9/5/2015 13:34,Yes,2,3,3,3,3,4,4,4,3,3,3,3,18,6.0,,0,,,,
20150479,1,9/7/2015 17:46,Yes,2,3,3,3,3,4,3,4,2,3,-,3,13,4.3,,0,,,,
20150165,1,9/7/2015 17:12,Yes,3,3,3,3,4,4,4,4,2,3,3,3,19,6.3,,0,,,,
20150988,1,9/6/2015 22:26,Yes,2,3,2,3,3,4,4,4,2,3,3,3,16,5.3,,0,,,,
20150711,1,9/6/2015 12:19,Yes,3,3,2,3,2,4,3,4,3,3,3,3,16,5.3,,0,,,,
20150195,1,9/7/2015 15:35,Yes,2,3,1,3,4,4,2,4,3,3,3,3,15,5.0,,0,,,,
20150933,1,9/7/2015 10:54,Yes,1,3,2,3,3,4,4,4,2,3,3,3,15,5.0,,0,,,,
20150702,1,9/7/2015 16:20,Yes,1,3,1,3,3,4,2,4,3,3,2,3,12,4.0,,0,,,,
20150942,1,9/7/2015 16:38,Yes,2,3,3,3,4,4,3,4,2,3,-,3,14,4.7,,0,,,,
20150420,1,9/7/2015 13:17,Yes,0,3,2,3,1,4,1,4,2,3,3,3,9,3.0,,0,,,,
20150342,1,9/7/2015 15:22,Yes,3,3,2,3,4,4,4,4,3,3,1,3,17,5.7,,0,,,,
20150556,1,9/7/2015 17:51,Yes,2,3,2,3,3,4,4,4,2,3,2,3,15,5.0,,0,,,,
20150523,1,9/7/2015 16:41,Yes,3,3,3,3,4,4,4,4,3,3,3,3,20,6.7,,0,,,,
20150339,1,9/7/2015 17:22,Yes,3,3,2,3,4,4,4,4,2,3,3,3,18,6.0,,0,,,,
20150892,1,9/7/2015 13:19,Yes,3,3,3,3,3,4,4,4,3,3,3,3,19,6.3,,0,,,,
20150174,1,9/7/2015 17:24,Yes,3,3,3,3,3,4,2,4,3,3,3,3,17,5.7,,0,,,,
20150945,1,9/6/2015 20:17,Yes,3,3,3,3,3,4,1,4,2,3,2,3,14,4.7,,0,,,,
20150560,1,9/7/2015 11:53,Yes,3,3,3,3,4,4,4,4,3,3,2,3,19,6.3,,0,,,,
20150856,1,9/7/2015 4:09,Yes,3,3,2,3,4,4,3,4,3,3,1,3,16,5.3,,0,,,,
20150468,1,9/6/2015 23:01,Yes,2,3,3,3,3,4,3,4,3,3,2,3,16,5.3,,0,,,,
20151105,1,9/3/2015 21:40,Yes,3,3,3,3,2,4,2,4,1,3,3,3,14,4.7,,0,,,,
20150215,1,9/6/2015 22:47,Yes,3,3,2,3,4,4,4,4,-,3,3,3,16,5.3,,0,,,,
