Username,Grade,Attempt Number,Date,Status,Duration
20150070,0 ,1,9/18/2015 11:11,Completed,0:04:17
20151117,1 ,1,9/19/2015 1:55,Completed,0:07:01
20150678,2 ,1,8/5/2015 22:11,Completed,0:06:58
20150782,0 ,1,8/6/2015 21:31,Completed,0:17:10
20150782,1 ,2,9/9/2015 19:29,Completed,0:05:10
20150782,1 ,3,9/9/2015 19:43,Completed,0:13:39
20151120,2 ,1,9/16/2015 4:49,Completed,0:06:59
20151119,3 ,1,9/19/2015 12:15,Completed,0:03:41
20150028,1 ,1,8/2/2015 14:29,Completed,0:15:01
20150028,0 ,2,8/6/2015 15:18,Completed,0:10:07
20150028,1 ,3,8/6/2015 15:22,Completed,0:03:48
20150028,0 ,4,8/6/2015 15:38,Completed,0:14:24
20150028,0 ,5,8/6/2015 15:56,Completed,0:17:27
20150028,0 ,6,8/9/2015 18:26,Completed,0:17:00
20150273,2 ,1,9/18/2015 10:22,Completed,0:06:50
20150273,2 ,2,9/18/2015 10:27,Completed,0:01:57
20150273,1 ,3,9/19/2015 13:42,Completed,0:01:00
20150635,3 ,1,8/4/2015 19:18,Completed,0:04:59
20150635,1 ,2,8/4/2015 21:01,Completed,0:01:48
20150635,2 ,3,8/4/2015 21:03,Completed,0:01:45
20150635,3 ,4,8/4/2015 21:05,Completed,0:00:51
20150635,2 ,5,8/4/2015 21:06,Completed,0:00:56
20150635,3 ,6,9/6/2015 20:36,Completed,0:01:47
20150635,2 ,7,9/6/2015 20:37,Completed,0:00:31
20150635,2 ,8,9/19/2015 13:06,Completed,0:00:23
20150635,1 ,9,9/19/2015 13:07,Completed,0:00:16
20150542,0 ,1,9/13/2015 19:45,Completed,0:15:00
20151121,1 ,1,8/9/2015 13:43,Completed,0:04:25
20151121,1 ,2,8/9/2015 13:53,Completed,0:08:09
20151121,3 ,3,8/9/2015 13:59,Completed,0:05:32
20151121,0 ,4,9/19/2015 0:56,Completed,0:17:09
20150343,3 ,1,8/10/2015 0:03,Completed,0:08:08
20150072,3 ,1,8/4/2015 9:23,Completed,0:01:42
20150072,3 ,2,9/8/2015 22:41,Completed,0:01:42
20150274,2 ,1,8/5/2015 17:51,Completed,0:01:47
20150274,0 ,2,9/19/2015 14:58,Completed,0:15:06
20150410,3 ,1,8/5/2015 18:52,Completed,0:03:28
20150410,3 ,2,8/9/2015 21:27,Completed,0:03:28
20150410,1 ,3,9/18/2015 23:29,Completed,0:17:09
20150624,2 ,1,8/6/2015 21:21,Completed,0:04:12
20150624,0 ,2,9/17/2015 13:23,Completed,0:11:39
20150624,3 ,3,9/17/2015 13:33,Completed,0:09:28
20150624,2 ,4,9/17/2015 13:34,Completed,0:00:40
20150333,0 ,1,9/14/2015 20:32,Completed,0:03:25
20150365,3 ,1,8/3/2015 17:20,Completed,0:06:08
20150340,3 ,1,8/8/2015 11:03,Completed,0:05:43
20150340,1 ,2,9/17/2015 22:24,Completed,0:15:01
20150340,3 ,3,9/17/2015 22:36,Completed,0:07:47
20150368,1 ,1,9/18/2015 0:09,Completed,0:07:52
20150922,0 ,1,9/18/2015 12:24,Completed,0:04:00
20150567,3 ,1,8/5/2015 21:56,Completed,0:06:23
20150567,3 ,2,8/5/2015 21:57,Completed,0:00:13
20150567,0 ,3,8/9/2015 12:07,Completed,0:15:03
20150567,2 ,4,8/9/2015 12:16,Completed,0:08:34
20150567,2 ,5,9/19/2015 12:19,Completed,0:01:01
20151060,2 ,1,8/5/2015 11:58,Completed,0:06:00
20150622,1 ,1,8/8/2015 19:22,Completed,0:01:36
20150622,1 ,2,8/9/2015 10:56,Completed,0:17:08
20150609,3 ,1,8/6/2015 15:22,Completed,0:04:24
20150609,2 ,2,8/6/2015 15:28,Completed,0:04:49
20150609,3 ,3,8/6/2015 15:33,Completed,0:03:15
20150108,1 ,1,8/8/2015 14:04,Completed,0:04:35
20150500,3 ,1,9/9/2015 14:08,Completed,0:03:46
20150722,1 ,1,8/7/2015 16:45,Completed,0:02:26
20150722,3 ,2,8/7/2015 16:49,Completed,0:03:06
20150722,3 ,3,9/17/2015 21:42,Completed,0:02:12
20150722,3 ,4,9/19/2015 11:26,Completed,0:02:03
20151006,2 ,1,8/6/2015 20:24,Completed,0:15:01
20151006,3 ,2,8/10/2015 2:51,Completed,0:09:32
20151006,2 ,3,8/10/2015 2:52,Completed,0:00:34
20151006,3 ,4,8/10/2015 3:03,Completed,0:10:00
20150653,3 ,1,8/4/2015 22:22,Completed,0:01:50
20150919,0 ,1,9/15/2015 15:18,Completed,0:15:06
20150785,1 ,1,8/9/2015 11:35,Completed,0:01:43
20150785,0 ,2,9/15/2015 18:12,Completed,0:17:14
20150657,1 ,1,9/19/2015 14:19,Completed,0:17:00
20150023,1 ,1,8/2/2015 21:37,Completed,0:02:18
20150023,2 ,2,8/9/2015 13:53,Completed,0:15:01
20150023,2 ,3,8/9/2015 14:36,Completed,0:07:56
20150739,3 ,1,8/3/2015 20:47,Completed,0:04:07
20150014,2 ,1,8/8/2015 15:02,Completed,0:01:38
20150014,3 ,2,8/8/2015 15:04,Completed,0:00:43
20150014,3 ,3,8/8/2015 15:04,Completed,0:00:21
20150014,3 ,4,8/8/2015 15:05,Completed,0:00:15
20150014,3 ,5,9/17/2015 18:17,Completed,0:10:09
20150994,1 ,1,8/10/2015 0:51,Completed,0:15:01
20150994,3 ,2,8/10/2015 1:07,Completed,0:14:56
20150069,1 ,1,9/18/2015 9:37,Completed,0:03:04
20150233,1 ,1,8/9/2015 18:44,Completed,0:01:04
20150233,3 ,2,8/9/2015 18:45,Completed,0:00:26
20150378,2 ,1,8/9/2015 16:12,Completed,0:04:33
20150378,3 ,2,8/9/2015 16:12,Completed,0:00:30
20150223,3 ,1,8/8/2015 19:20,Completed,0:02:59
20150223,3 ,2,8/8/2015 19:23,Completed,0:01:47
20150836,3 ,1,8/9/2015 20:56,Completed,0:01:36
20150836,1 ,2,9/19/2015 11:28,Completed,0:03:22
20150836,1 ,3,9/19/2015 11:30,Completed,0:01:22
20150836,1 ,4,9/19/2015 11:33,Completed,0:02:59
20151047,2 ,1,8/9/2015 9:56,Completed,0:06:17
20151047,0 ,2,9/13/2015 17:18,Completed,0:15:04
20151047,0 ,3,9/14/2015 9:05,Completed,0:09:03
20151047,1 ,4,9/14/2015 11:32,Completed,0:15:00
20151047,3 ,5,9/14/2015 11:40,Completed,0:06:59
20151047,2 ,6,9/18/2015 9:20,Completed,0:05:21
20151101,3 ,1,8/9/2015 21:24,Completed,0:04:01
20151101,2 ,2,8/9/2015 21:41,Completed,0:00:57
20151101,3 ,3,9/18/2015 22:45,Completed,0:11:20
20150683,2 ,1,8/8/2015 17:56,Completed,0:06:07
20150683,3 ,2,8/8/2015 18:01,Completed,0:03:41
20150651,1 ,1,9/18/2015 14:38,Completed,0:15:01
20150044,0 ,1,8/6/2015 18:13,Completed,0:17:06
20150485,2 ,1,9/18/2015 13:39,Completed,0:10:32
20150898,2 ,1,9/19/2015 14:22,Completed,0:00:59
20150898,3 ,2,9/19/2015 14:24,Completed,0:01:27
20151075,1 ,1,8/8/2015 11:38,Completed,0:02:14
20151075,3 ,2,8/8/2015 11:43,Completed,0:04:10
20151075,3 ,3,8/8/2015 11:44,Completed,0:01:22
20151075,3 ,4,8/8/2015 11:46,Completed,0:01:38
20150514,3 ,1,8/27/2015 10:38,Completed,0:01:01
20151002,2 ,1,9/15/2015 23:49,Completed,0:15:00
20151002,1 ,2,9/15/2015 23:55,Completed,0:04:52
20151002,0 ,3,9/18/2015 22:16,Completed,0:05:41
20150980,3 ,1,8/6/2015 12:36,Completed,0:07:09
20150411,2 ,1,9/17/2015 22:01,Completed,0:02:59
20150250,2 ,1,8/5/2015 20:56,Completed,0:07:40
20150909,1 ,1,8/9/2015 21:28,Completed,0:12:58
20150909,1 ,2,8/9/2015 21:33,Completed,0:04:55
20150903,1 ,1,8/9/2015 13:41,Completed,0:03:22
20150903,1 ,2,8/9/2015 13:43,Completed,0:02:06
20150903,2 ,3,8/9/2015 13:46,Completed,0:02:09
20150903,3 ,4,8/9/2015 13:47,Completed,0:00:38
20150112,1 ,1,8/9/2015 12:11,Completed,0:09:03
20150112,3 ,2,9/17/2015 23:24,Completed,0:02:05
20151093,1 ,1,8/3/2015 20:22,Completed,0:06:56
20151093,3 ,2,8/3/2015 20:38,Completed,0:06:08
20151093,1 ,3,9/19/2015 12:13,Completed,0:02:56
20151093,2 ,4,9/19/2015 12:18,Completed,0:04:05
20151093,2 ,5,9/19/2015 12:19,Completed,0:01:00
20150531,3 ,1,8/3/2015 0:12,Completed,0:03:54
20150531,2 ,2,8/3/2015 20:38,Completed,0:02:43
20150531,3 ,3,8/3/2015 20:40,Completed,0:02:32
20150531,3 ,4,9/16/2015 19:52,Completed,0:02:29
20150930,0 ,1,9/15/2015 9:41,Completed,0:15:01
20150930,2 ,2,9/15/2015 9:46,Completed,0:04:07
20150930,1 ,3,9/15/2015 9:50,Completed,0:00:58
20150930,1 ,4,9/15/2015 9:54,Completed,0:03:12
20150930,3 ,5,9/15/2015 10:00,Completed,0:05:56
20150930,1 ,6,10/7/2015 8:59,Completed,0:15:00
20150930,2 ,7,10/7/2015 9:04,Completed,0:02:21
20150094,3 ,1,8/10/2015 7:38,Completed,0:03:26
20150094,2 ,2,8/10/2015 13:32,Completed,0:05:42
20150094,3 ,3,8/10/2015 13:40,Completed,0:04:44
20150094,3 ,4,8/10/2015 14:05,Completed,0:11:50
20150544,1 ,1,8/6/2015 22:45,Completed,0:06:46
20150544,2 ,2,8/6/2015 22:50,Completed,0:04:13
20150544,2 ,3,8/6/2015 22:51,Completed,0:01:06
20150544,1 ,4,8/6/2015 22:54,Completed,0:02:17
20150544,2 ,5,8/6/2015 22:55,Completed,0:00:57
20150544,2 ,6,8/6/2015 22:56,Completed,0:00:23
20150107,2 ,1,9/16/2015 23:58,Completed,0:08:18
20150107,3 ,2,9/17/2015 0:04,Completed,0:02:49
20150391,3 ,1,9/19/2015 11:50,Completed,0:09:37
20150361,3 ,1,8/1/2015 14:44,Completed,0:07:25
20150361,2 ,2,8/7/2015 9:36,Completed,0:07:31
20150361,2 ,3,8/7/2015 9:41,Completed,0:04:16
20150361,2 ,4,8/7/2015 10:01,Completed,0:18:11
20150704,1 ,1,8/4/2015 21:25,Completed,0:11:01
20150704,1 ,2,8/4/2015 21:47,Completed,0:15:01
20150564,2 ,1,8/9/2015 17:03,Completed,0:09:51
20150564,0 ,2,8/9/2015 17:06,Completed,0:02:30
20150758,1 ,1,8/5/2015 23:13,Completed,0:11:10
20150758,3 ,2,8/5/2015 23:20,Completed,0:03:41
20150758,3 ,3,8/5/2015 23:24,Completed,0:03:14
20150758,2 ,4,8/5/2015 23:25,Completed,0:00:30
20150758,3 ,5,8/5/2015 23:27,Completed,0:01:12
20150634,1 ,1,9/18/2015 17:39,Completed,0:05:10
20150692,2 ,1,9/19/2015 13:02,Completed,0:03:15
20150692,3 ,2,9/19/2015 13:04,Completed,0:01:13
20150692,3 ,3,9/19/2015 13:12,Completed,0:04:54
20150692,3 ,4,9/19/2015 13:17,Completed,0:00:34
20150280,3 ,1,9/19/2015 14:20,Completed,0:03:35
20150280,3 ,2,10/5/2015 22:54,Completed,0:01:58
20151130,2 ,1,8/1/2015 20:51,Completed,0:10:19
20151130,3 ,2,8/1/2015 20:53,Completed,0:02:03
20151130,3 ,3,9/18/2015 20:25,Completed,0:05:56
20151130,2 ,4,9/19/2015 13:13,Completed,0:01:15
20151130,3 ,5,9/19/2015 13:15,Completed,0:01:13
20150912,3 ,1,8/3/2015 21:15,Completed,0:02:40
20150912,3 ,2,9/18/2015 16:32,Completed,0:03:36
20150518,1 ,1,8/8/2015 15:54,Completed,0:14:57
20150518,2 ,2,8/8/2015 16:01,Completed,0:05:56
20150518,1 ,3,8/8/2015 16:04,Completed,0:03:02
20150518,3 ,4,8/8/2015 16:06,Completed,0:01:49
20150518,3 ,5,8/8/2015 16:13,Completed,0:06:26
20151131,3 ,1,8/6/2015 21:12,Completed,0:03:27
20151034,1 ,1,8/9/2015 22:21,Completed,0:15:00
20151034,3 ,2,8/9/2015 22:22,Completed,0:00:45
20151034,2 ,3,8/9/2015 22:28,Completed,0:05:10
20151034,2 ,4,8/9/2015 22:33,Completed,0:04:24
20150383,0 ,1,8/2/2015 13:12,Completed,0:05:01
20150383,1 ,2,8/2/2015 13:13,Completed,0:00:38
20150633,1 ,1,9/7/2015 20:16,Completed,0:12:43
20150633,1 ,2,9/19/2015 18:19,Completed,0:07:36
20150593,3 ,1,8/6/2015 13:54,Completed,0:14:18
20150470,2 ,1,8/2/2015 21:58,Completed,0:06:10
20150470,2 ,2,9/19/2015 13:58,Completed,0:01:35
20150470,1 ,3,9/19/2015 14:01,Completed,0:02:56
20150470,2 ,4,9/19/2015 14:09,Completed,0:05:36
20150675,3 ,1,9/19/2015 12:42,Completed,0:03:45
20150188,2 ,1,8/8/2015 18:28,Completed,0:17:18
20151099,3 ,1,9/16/2015 10:35,Completed,0:05:56
20151099,0 ,2,9/19/2015 14:23,Completed,0:17:02
20150999,3 ,1,8/2/2015 21:01,Completed,0:10:14
20150679,1 ,1,8/5/2015 18:44,Completed,0:13:25
20150984,1 ,1,9/19/2015 13:16,Completed,0:15:01
20151097,3 ,1,9/19/2015 10:00,Completed,0:07:05
20150079,3 ,1,8/1/2015 15:23,Completed,0:13:05
20150251,3 ,1,8/4/2015 18:20,Completed,0:15:00
20150251,2 ,2,8/4/2015 18:28,Completed,0:02:57
20150251,2 ,3,8/4/2015 18:35,Completed,0:05:35
20150251,2 ,4,8/4/2015 18:37,Completed,0:00:37
20150251,3 ,5,8/4/2015 18:38,Completed,0:00:16
20150251,3 ,6,8/4/2015 18:43,Completed,0:05:07
20150251,2 ,7,9/17/2015 15:36,Completed,0:15:00
20150251,2 ,8,9/17/2015 16:28,Completed,0:02:47
20150251,3 ,9,9/17/2015 16:41,Completed,0:01:22
20150156,0 ,1,8/2/2015 13:46,Completed,0:03:49
20150156,0 ,2,8/2/2015 13:48,Completed,0:00:49
20150156,3 ,3,8/2/2015 13:50,Completed,0:01:54
20150143,1 ,1,9/19/2015 13:29,Completed,0:04:29
20150143,0 ,2,9/19/2015 13:37,Completed,0:04:16
20150143,1 ,3,9/19/2015 13:45,Completed,0:02:00
20150143,1 ,4,9/19/2015 13:47,Completed,0:01:50
20150143,1 ,5,9/19/2015 13:51,Completed,0:02:59
20150143,3 ,6,9/19/2015 13:55,Completed,0:00:19
20151111,2 ,1,9/18/2015 13:29,Completed,0:07:23
20151013,2 ,1,9/16/2015 20:57,Completed,0:05:50
20150828,1 ,1,9/19/2015 9:10,Completed,0:08:29
20150828,3 ,2,9/19/2015 9:15,Completed,0:02:34
20150828,2 ,3,9/19/2015 9:35,Completed,0:01:52
20150748,3 ,1,9/19/2015 15:32,Completed,0:02:57
20150748,2 ,2,9/19/2015 15:37,Completed,0:03:46
20150476,2 ,1,8/9/2015 14:59,Completed,0:02:08
20150715,1 ,1,8/7/2015 8:33,Completed,0:05:56
20150358,0 ,1,9/19/2015 13:53,Completed,0:03:45
20150358,0 ,2,9/19/2015 13:58,Completed,0:02:12
20150095,2 ,1,8/5/2015 18:59,Completed,0:04:28
20150095,3 ,2,8/5/2015 19:20,Completed,0:01:30
20150095,3 ,3,9/15/2015 22:01,Completed,0:09:21
20150095,2 ,4,9/18/2015 21:54,Completed,0:01:36
20150095,0 ,5,9/18/2015 21:54,Completed,0:00:06
20150095,0 ,6,9/18/2015 21:54,Completed,0:00:07
20150095,1 ,7,9/18/2015 21:56,Completed,0:00:50
20150726,2 ,1,9/19/2015 5:42,Completed,0:10:18
20150726,3 ,2,9/19/2015 5:45,Completed,0:01:25
20150726,3 ,3,9/19/2015 5:48,Completed,0:02:16
20150726,3 ,4,9/19/2015 5:49,Completed,0:00:35
20150401,1 ,1,8/3/2015 18:59,Completed,0:12:05
20150401,2 ,2,8/3/2015 19:14,Completed,0:14:07
20150401,2 ,3,8/3/2015 19:16,Completed,0:01:40
20150401,3 ,4,8/3/2015 19:17,Completed,0:00:17
20150401,3 ,5,8/3/2015 19:18,Completed,0:00:12
20150401,2 ,6,8/3/2015 19:19,Completed,0:00:34
20150401,2 ,7,8/3/2015 19:22,Completed,0:02:35
20150401,2 ,8,8/3/2015 19:24,Completed,0:00:15
20150401,2 ,9,8/3/2015 19:27,Completed,0:02:35
20150401,2 ,10,8/3/2015 19:34,Completed,0:06:38
20150401,2 ,11,8/3/2015 19:35,Completed,0:00:29
20150401,2 ,12,8/3/2015 19:36,Completed,0:00:22
20150401,2 ,13,8/3/2015 19:38,Completed,0:02:32
20150401,2 ,14,8/3/2015 19:40,Completed,0:01:31
20150401,1 ,15,8/3/2015 19:41,Completed,0:00:21
20150401,3 ,16,8/3/2015 19:41,Completed,0:00:13
20150401,3 ,17,8/3/2015 19:42,Completed,0:00:11
20150401,3 ,18,8/3/2015 19:42,Completed,0:00:14
20150401,3 ,19,8/3/2015 19:43,Completed,0:00:16
20150401,3 ,20,9/18/2015 9:26,Completed,0:04:19
20150401,3 ,21,9/18/2015 9:28,Completed,0:01:21
20150401,3 ,22,9/18/2015 9:29,Completed,0:00:31
20150401,2 ,23,9/18/2015 18:48,Completed,0:00:18
20150401,3 ,24,9/18/2015 18:54,Completed,0:06:20
20150401,3 ,25,9/19/2015 7:15,Completed,0:00:51
20150753,1 ,1,8/9/2015 13:05,Completed,0:05:57
20150224,0 ,1,8/9/2015 13:24,Completed,0:11:18
20150636,1 ,1,9/19/2015 10:00,Completed,0:09:13
20150924,1 ,1,8/10/2015 3:42,Completed,0:00:53
20150924,0 ,2,8/10/2015 3:49,Completed,0:02:43
20150261,0 ,1,8/4/2015 22:46,Completed,0:15:05
20150484,2 ,1,8/4/2015 20:03,Completed,0:08:26
20150484,1 ,2,8/4/2015 20:06,Completed,0:02:15
20150762,2 ,1,8/4/2015 10:58,Completed,0:10:22
20150762,2 ,2,8/4/2015 11:09,Completed,0:09:57
20150762,2 ,3,8/4/2015 17:50,Completed,0:02:59
20150762,1 ,4,8/5/2015 13:56,Completed,0:15:01
20150762,2 ,5,8/5/2015 14:51,Completed,0:12:14
20150762,3 ,6,8/5/2015 15:21,Completed,0:00:36
20150762,2 ,7,9/15/2015 11:42,Completed,0:15:01
20150762,1 ,8,9/15/2015 11:57,Completed,0:15:00
20150762,3 ,9,9/15/2015 12:07,Completed,0:08:27
20150762,2 ,10,9/19/2015 10:20,Completed,0:02:01
20150762,0 ,11,9/19/2015 10:21,Completed,0:00:37
20150762,1 ,12,9/19/2015 10:24,Completed,0:01:38
20151077,0 ,1,9/19/2015 14:02,Completed,0:17:07
20150404,1 ,1,7/31/2015 19:40,Completed,0:11:30
20150404,2 ,2,7/31/2015 19:47,Completed,0:06:51
20150404,3 ,3,7/31/2015 19:58,Completed,0:11:07
20151134,2 ,1,8/3/2015 11:15,Completed,0:04:45
20151134,3 ,2,8/3/2015 16:16,Completed,0:05:08
20151134,0 ,3,9/19/2015 13:38,Completed,0:15:05
20150996,1 ,1,8/9/2015 15:29,Completed,0:01:35
20150398,3 ,1,8/5/2015 10:39,Completed,0:03:01
20150398,2 ,2,8/6/2015 17:20,Completed,0:00:41
20150456,0 ,1,8/3/2015 20:38,Completed,0:17:36
20150161,3 ,1,8/9/2015 22:16,Completed,0:02:56
20151023,0 ,1,8/6/2015 16:06,Completed,0:08:33
20151023,0 ,2,8/6/2015 16:10,Completed,0:03:24
20151023,1 ,3,8/8/2015 15:03,Completed,0:03:16
20151023,2 ,4,8/8/2015 15:05,Completed,0:01:32
20151023,3 ,5,9/19/2015 11:48,Completed,0:06:46
20150939,3 ,1,8/2/2015 13:44,Completed,0:04:05
20150939,2 ,2,9/16/2015 13:53,Completed,0:01:23
20150130,2 ,1,9/18/2015 11:55,Completed,0:10:28
20150917,0 ,1,8/7/2015 21:32,Completed,0:17:03
20150914,2 ,1,8/9/2015 21:36,Completed,0:03:37
20150390,1 ,1,8/9/2015 10:05,Completed,0:09:37
20150390,3 ,2,8/9/2015 10:12,Completed,0:05:54
20150390,3 ,3,9/19/2015 11:25,Completed,0:05:12
20150953,0 ,1,9/12/2015 13:08,Completed,0:10:41
20150953,0 ,2,9/12/2015 15:29,Completed,0:04:34
20150953,1 ,3,9/12/2015 15:33,Completed,0:03:27
20150953,2 ,4,9/12/2015 16:16,Completed,0:02:56
20150953,1 ,5,9/12/2015 16:17,Completed,0:01:08
20150953,0 ,6,9/12/2015 16:17,Completed,0:00:08
20150369,3 ,1,8/5/2015 20:08,Completed,0:14:11
20150677,0 ,1,8/3/2015 20:33,Completed,0:17:15
20151086,1 ,1,8/8/2015 22:57,Completed,0:03:05
20150637,1 ,1,9/17/2015 23:15,Completed,0:15:00
20150637,2 ,2,9/17/2015 23:17,Completed,0:00:53
20150637,2 ,3,9/17/2015 23:21,Completed,0:04:21
20150301,2 ,1,8/3/2015 1:33,Completed,0:05:36
20150301,0 ,2,9/17/2015 17:04,Completed,0:01:30
20150667,1 ,1,8/7/2015 21:23,Completed,0:14:48
20150139,3 ,1,8/3/2015 19:33,Completed,0:02:21
20150978,0 ,1,8/4/2015 21:24,Completed,0:17:02
20151021,2 ,1,8/9/2015 13:30,Completed,0:15:00
20150329,1 ,1,9/18/2015 17:36,Completed,0:07:33
20150329,1 ,2,9/18/2015 17:51,Completed,0:14:07
20150910,0 ,1,8/3/2015 22:08,Completed,0:17:33
20150910,3 ,2,8/9/2015 21:14,Completed,0:01:42
20150910,2 ,3,9/18/2015 22:10,Completed,0:15:00
20150910,3 ,4,9/18/2015 22:15,Completed,0:04:38
20151110,2 ,1,8/4/2015 21:24,Completed,0:17:28
20151110,1 ,2,8/4/2015 21:40,Completed,0:11:57
20151110,3 ,3,8/4/2015 21:50,Completed,0:08:49
20151110,0 ,4,9/17/2015 22:17,Completed,0:04:39
20151110,1 ,5,9/17/2015 22:23,Completed,0:05:32
20151110,0 ,6,9/17/2015 23:04,Completed,0:17:04
20151135,1 ,1,8/9/2015 16:53,Completed,0:03:36
20151135,2 ,2,8/9/2015 17:00,Completed,0:05:18
20151135,2 ,3,9/13/2015 11:59,Completed,0:01:24
20151135,2 ,4,9/13/2015 12:02,Completed,0:01:59
20151135,2 ,5,9/13/2015 12:20,Completed,0:17:02
20150167,1 ,1,9/12/2015 12:47,Completed,0:06:34
20150167,2 ,2,9/12/2015 12:49,Completed,0:01:42
20151043,3 ,1,8/9/2015 11:34,Completed,0:07:24
20151043,3 ,2,8/9/2015 11:38,Completed,0:03:03
20151043,2 ,3,8/9/2015 11:39,Completed,0:00:45
20151043,3 ,4,8/9/2015 17:00,Completed,0:02:31
20151043,2 ,5,8/9/2015 17:02,Completed,0:01:37
20150684,0 ,1,8/3/2015 18:38,Completed,0:06:08
20150684,0 ,2,8/3/2015 18:40,Completed,0:01:12
20150684,1 ,3,8/3/2015 18:43,Completed,0:03:13
20150684,2 ,4,8/3/2015 18:45,Completed,0:00:48
20150684,2 ,5,8/3/2015 18:47,Completed,0:01:18
20150684,2 ,6,8/3/2015 18:49,Completed,0:01:24
20150684,2 ,7,8/3/2015 18:51,Completed,0:01:28
20150684,1 ,8,8/3/2015 18:52,Completed,0:00:19
20150684,1 ,9,8/3/2015 18:53,Completed,0:01:19
20150684,3 ,10,8/3/2015 18:54,Completed,0:00:29
20150684,2 ,11,9/19/2015 13:10,Completed,0:06:58
20150467,0 ,1,9/19/2015 10:27,Completed,0:17:02
20150625,1 ,1,8/5/2015 21:18,Completed,0:13:35
20150625,3 ,2,8/5/2015 21:25,Completed,0:03:31
20150700,2 ,1,8/1/2015 17:26,Completed,0:02:19
20150700,3 ,2,9/19/2015 9:19,Completed,0:04:21
20150700,2 ,3,9/19/2015 9:20,Completed,0:00:40
20150509,2 ,1,8/10/2015 1:42,Completed,0:10:03
20150180,3 ,1,9/13/2015 23:47,Completed,0:08:56
20150180,2 ,2,9/14/2015 0:34,Completed,0:05:14
20150180,3 ,3,9/14/2015 0:53,Completed,0:00:42
20150469,3 ,1,8/7/2015 21:30,Completed,0:01:06
20151085,3 ,1,8/9/2015 21:47,Completed,0:08:49
20151104,2 ,1,8/9/2015 11:20,Completed,0:14:25
20151104,3 ,2,8/9/2015 11:39,Completed,0:03:50
20150454,3 ,1,8/9/2015 22:20,Completed,0:05:09
20151138,0 ,1,8/9/2015 14:33,Completed,0:12:47
20151138,0 ,2,8/9/2015 14:58,Completed,0:15:01
20151138,2 ,3,8/9/2015 15:06,Completed,0:07:49
20151138,2 ,4,8/9/2015 15:23,Completed,0:14:30
20151138,2 ,5,8/9/2015 15:31,Completed,0:08:05
20151138,1 ,6,8/9/2015 15:32,Completed,0:00:37
20151138,3 ,7,8/9/2015 15:34,Completed,0:00:42
20151138,2 ,8,8/9/2015 15:34,Completed,0:00:30
20150641,3 ,1,8/6/2015 5:24,Completed,0:07:00
20150641,2 ,2,8/6/2015 7:19,Completed,0:01:00
20150641,1 ,3,8/8/2015 10:37,Completed,0:07:28
20150641,2 ,4,8/8/2015 10:39,Completed,0:01:23
20150287,0 ,1,8/4/2015 0:17,Completed,0:17:16
20150558,0 ,1,8/9/2015 20:05,Completed,0:05:02
20150341,2 ,1,8/5/2015 22:04,Completed,0:04:49
20150341,2 ,2,8/5/2015 22:20,Completed,0:03:07
20150341,2 ,3,8/5/2015 22:22,Completed,0:01:46
20150341,2 ,4,8/5/2015 22:23,Completed,0:00:21
20150341,3 ,5,8/5/2015 22:23,Completed,0:00:14
20151037,1 ,1,8/8/2015 19:43,Completed,0:05:32
20151037,0 ,2,9/18/2015 22:53,Completed,0:17:06
20150874,0 ,1,8/9/2015 20:41,Completed,0:17:26
20150520,0 ,1,9/19/2015 13:12,Completed,0:15:03
20150520,3 ,2,9/19/2015 13:31,Completed,0:06:41
20150048,3 ,1,8/6/2015 11:37,Completed,0:06:15
20150714,0 ,1,8/9/2015 15:51,Completed,0:04:36
20150714,1 ,2,9/17/2015 20:12,Completed,0:01:23
20150714,1 ,3,9/17/2015 20:18,Completed,0:05:37
20150981,0 ,1,9/14/2015 14:17,Completed,0:04:01
20150981,0 ,2,9/18/2015 11:55,Completed,0:10:03
20150981,0 ,3,9/18/2015 12:48,Completed,0:15:03
20150981,3 ,4,9/18/2015 17:23,Completed,0:08:31
20150769,1 ,1,8/6/2015 15:01,Completed,0:05:31
20150769,1 ,2,8/6/2015 15:05,Completed,0:03:01
20150738,1 ,1,8/7/2015 3:51,Completed,0:03:14
20150738,2 ,2,8/7/2015 3:53,Completed,0:01:22
20150738,2 ,3,8/9/2015 18:55,Completed,0:14:53
20150832,0 ,1,8/4/2015 17:20,Completed,0:05:32
20150832,1 ,2,9/16/2015 22:42,Completed,0:08:59
20150084,0 ,1,8/10/2015 0:02,Completed,0:17:21
20150084,0 ,2,9/14/2015 18:30,Completed,0:00:27
20150608,0 ,1,8/2/2015 20:44,Completed,0:17:09
20150181,3 ,1,9/19/2015 10:26,Completed,0:03:26
20150674,2 ,1,8/6/2015 17:41,Completed,0:07:49
20150871,2 ,1,9/18/2015 12:40,Completed,0:04:05
20150871,3 ,2,9/18/2015 12:44,Completed,0:02:56
20150220,1 ,1,8/9/2015 12:10,Completed,0:06:03
20150220,2 ,2,8/9/2015 12:19,Completed,0:04:01
20150220,3 ,3,8/9/2015 12:45,Completed,0:00:40
20150656,0 ,1,8/8/2015 19:18,Completed,0:17:07
20150656,1 ,2,8/9/2015 18:05,Completed,0:08:51
20150656,1 ,3,8/9/2015 18:08,Completed,0:02:33
20150656,1 ,4,8/9/2015 18:12,Completed,0:03:09
20150656,1 ,5,8/9/2015 18:14,Completed,0:00:36
20150656,1 ,6,8/9/2015 18:15,Completed,0:00:29
20150656,3 ,7,8/9/2015 18:16,Completed,0:00:22
20150656,2 ,8,8/9/2015 18:17,Completed,0:01:04
20150656,2 ,9,8/9/2015 18:19,Completed,0:00:26
20150656,2 ,10,8/9/2015 18:20,Completed,0:00:20
20150656,3 ,11,8/9/2015 18:21,Completed,0:00:28
20150132,1 ,1,8/7/2015 22:51,Completed,0:02:36
20150132,0 ,2,9/18/2015 15:40,Completed,0:02:07
20150643,3 ,1,9/19/2015 9:38,Completed,0:04:22
20151142,3 ,1,9/17/2015 12:21,Completed,0:06:04
20151142,2 ,2,9/17/2015 12:32,Completed,0:09:56
20151142,2 ,3,9/17/2015 12:38,Completed,0:05:59
20151142,3 ,4,9/17/2015 15:31,Completed,0:01:04
20150809,0 ,1,8/6/2015 14:06,Completed,0:03:11
20150809,1 ,2,9/18/2015 21:30,Completed,0:01:38
20150809,2 ,3,9/18/2015 21:38,Completed,0:07:30
20150249,2 ,1,7/31/2015 13:21,Completed,0:11:53
20150249,2 ,2,9/18/2015 12:17,Completed,0:04:05
20150249,2 ,3,9/18/2015 12:20,Completed,0:01:52
20150932,2 ,1,8/8/2015 23:24,Completed,0:07:29
20151143,1 ,1,8/4/2015 4:27,Completed,0:06:23
20150122,3 ,1,8/8/2015 17:38,Completed,0:07:20
20150659,1 ,1,8/9/2015 16:41,Completed,0:06:35
20150606,0 ,1,8/9/2015 13:21,Completed,0:17:10
20150606,3 ,2,8/9/2015 14:47,Completed,0:03:53
20150606,1 ,3,9/18/2015 22:14,Completed,0:02:15
20150606,0 ,4,9/18/2015 22:16,Completed,0:01:11
20150483,0 ,1,8/9/2015 19:06,Completed,0:05:11
20150483,1 ,2,8/9/2015 19:11,Completed,0:04:32
20150483,1 ,3,8/9/2015 19:14,Completed,0:02:04
20150483,3 ,4,8/9/2015 19:17,Completed,0:01:43
20150483,2 ,5,8/9/2015 19:19,Completed,0:01:58
20150483,3 ,6,8/9/2015 19:21,Completed,0:00:41
20150483,2 ,7,8/9/2015 19:22,Completed,0:00:57
20150483,3 ,8,8/9/2015 19:23,Completed,0:00:41
20150483,3 ,9,8/9/2015 19:24,Completed,0:00:26
20150483,3 ,10,8/9/2015 19:25,Completed,0:00:33
20150483,3 ,11,8/9/2015 19:26,Completed,0:00:35
20150206,2 ,1,8/6/2015 9:40,Completed,0:05:20
20150206,2 ,2,8/6/2015 11:07,Completed,0:05:10
20150206,3 ,3,8/6/2015 11:15,Completed,0:02:12
20150206,3 ,4,8/6/2015 11:17,Completed,0:00:25
20150206,3 ,5,8/6/2015 11:19,Completed,0:02:02
20150206,2 ,6,8/6/2015 19:25,Completed,0:02:58
20150206,3 ,7,8/6/2015 19:32,Completed,0:06:54
20150490,1 ,1,9/18/2015 17:32,Completed,0:01:11
20150732,3 ,1,8/10/2015 0:20,Completed,0:09:01
20150732,3 ,2,9/17/2015 19:53,Completed,0:04:37
20150429,2 ,1,8/7/2015 14:44,Completed,0:09:22
20151024,1 ,1,9/19/2015 9:44,Completed,0:09:42
20151024,1 ,2,9/19/2015 9:48,Completed,0:02:37
20151024,0 ,3,9/19/2015 9:58,Completed,0:08:39
20151024,1 ,4,9/19/2015 10:01,Completed,0:03:22
20151024,1 ,5,9/19/2015 10:03,Completed,0:00:50
20150216,1 ,1,9/19/2015 13:54,Completed,0:11:39
20150216,2 ,2,9/19/2015 14:03,Completed,0:08:43
20150781,3 ,1,9/19/2015 13:11,Completed,0:14:28
20150524,1 ,1,8/6/2015 18:39,Completed,0:05:08
20150524,1 ,2,9/13/2015 16:10,Completed,0:09:27
20151147,1 ,1,9/15/2015 18:37,Completed,0:00:58
20151147,1 ,2,9/15/2015 18:39,Completed,0:01:50
20151147,2 ,3,9/17/2015 0:08,Completed,0:11:35
20150602,3 ,1,8/4/2015 19:11,Completed,0:13:36
20150602,1 ,2,9/16/2015 22:59,Completed,0:03:37
20150602,2 ,3,9/17/2015 11:59,Completed,0:07:51
20150602,2 ,4,9/17/2015 12:02,Completed,0:02:00
20150602,2 ,5,9/19/2015 15:22,Completed,0:01:44
20150699,3 ,1,8/2/2015 17:42,Completed,0:07:06
20150857,2 ,1,8/8/2015 15:00,Completed,0:10:01
20150857,1 ,2,8/8/2015 15:17,Completed,0:13:53
20150387,1 ,1,8/4/2015 14:11,Completed,0:03:56
20150587,2 ,1,8/9/2015 20:34,Completed,0:07:02
20150587,3 ,2,9/15/2015 17:13,Completed,0:01:21
20151000,2 ,1,8/8/2015 14:28,Completed,0:04:06
20151000,0 ,2,8/8/2015 14:30,Completed,0:01:54
20150395,1 ,1,8/3/2015 21:19,Completed,0:11:02
20150395,1 ,2,8/3/2015 21:23,Completed,0:01:34
20150395,0 ,3,8/3/2015 21:40,Completed,0:17:15
20150949,2 ,1,9/16/2015 22:58,Completed,0:01:30
20150041,1 ,1,8/9/2015 11:04,Completed,0:12:23
20150041,1 ,2,8/9/2015 11:57,Completed,0:08:59
20150433,1 ,1,8/6/2015 15:27,Completed,0:02:28
20150433,2 ,2,8/6/2015 15:37,Completed,0:09:54
20150089,2 ,1,9/19/2015 1:27,Completed,0:01:34
20150089,2 ,2,9/19/2015 2:37,Completed,0:10:28
20151148,2 ,1,8/2/2015 21:45,Completed,0:10:26
20151148,2 ,2,8/2/2015 21:52,Completed,0:06:37
20151148,0 ,3,8/2/2015 22:10,Completed,0:17:15
20151031,0 ,1,9/16/2015 20:27,Completed,0:05:13
20151031,1 ,2,9/16/2015 20:28,Completed,0:00:24
20151031,3 ,3,9/16/2015 20:31,Completed,0:03:15
20150779,2 ,1,9/19/2015 13:06,Completed,0:06:25
20150537,3 ,1,8/9/2015 20:24,Completed,0:03:14
20151150,2 ,1,8/10/2015 0:50,Completed,0:13:17
20150113,2 ,1,8/9/2015 17:17,Completed,0:07:04
20150908,2 ,1,8/7/2015 15:06,Completed,0:04:15
20150908,2 ,2,8/7/2015 15:11,Completed,0:04:14
20150908,1 ,3,8/7/2015 15:15,Completed,0:04:13
20150908,3 ,4,8/7/2015 15:19,Completed,0:03:18
20150908,0 ,5,9/18/2015 21:10,Completed,0:01:08
20150728,0 ,1,8/2/2015 23:10,Completed,0:06:50
20150617,0 ,1,8/5/2015 22:43,Completed,0:15:03
20150617,2 ,2,8/5/2015 22:58,Completed,0:14:57
20150869,1 ,1,8/9/2015 12:13,Completed,0:02:50
20150869,0 ,2,8/9/2015 12:14,Completed,0:00:17
20150869,0 ,3,8/9/2015 12:14,Completed,0:00:07
20150869,0 ,4,8/9/2015 12:15,Completed,0:00:05
20150869,0 ,5,8/9/2015 12:15,Completed,0:00:06
20150869,0 ,6,8/9/2015 12:15,Completed,0:00:06
20150768,2 ,1,9/17/2015 23:21,Completed,0:14:46
20150768,2 ,2,9/17/2015 23:25,Completed,0:01:43
20150768,3 ,3,9/17/2015 23:37,Completed,0:11:30
20150768,2 ,4,9/17/2015 23:38,Completed,0:00:20
20150768,2 ,5,9/17/2015 23:41,Completed,0:03:17
20150768,2 ,6,9/17/2015 23:42,Completed,0:00:33
20151151,3 ,1,8/6/2015 13:03,Completed,0:07:04
20150563,1 ,1,8/9/2015 14:41,Completed,0:13:05
20150563,2 ,2,8/9/2015 14:55,Completed,0:05:35
20150563,3 ,3,8/9/2015 14:57,Completed,0:01:10
20150563,3 ,4,8/9/2015 15:06,Completed,0:08:24
20150563,3 ,5,9/17/2015 22:09,Completed,0:08:55
20151030,2 ,1,8/5/2015 17:40,Completed,0:04:51
20150525,2 ,1,8/9/2015 15:10,Completed,0:05:24
20150525,3 ,2,8/9/2015 15:16,Completed,0:03:58
20150525,3 ,3,8/9/2015 19:46,Completed,0:13:21
20151103,1 ,1,9/17/2015 22:57,Completed,0:07:03
20151103,3 ,2,9/17/2015 23:01,Completed,0:03:07
20150004,2 ,1,8/6/2015 18:53,Completed,0:03:49
20150004,2 ,2,8/6/2015 18:55,Completed,0:01:30
20150004,3 ,3,8/6/2015 19:00,Completed,0:04:15
20150004,3 ,4,8/6/2015 19:00,Completed,0:00:28
20150004,3 ,5,8/6/2015 19:01,Completed,0:00:11
20150004,3 ,6,8/6/2015 19:01,Completed,0:00:09
20150004,2 ,7,8/6/2015 19:02,Completed,0:00:20
20150004,2 ,8,8/6/2015 19:05,Completed,0:00:16
20150004,3 ,9,8/6/2015 19:06,Completed,0:00:21
20150004,2 ,10,8/6/2015 19:08,Completed,0:02:07
20150004,3 ,11,8/6/2015 19:09,Completed,0:00:15
20150004,3 ,12,9/18/2015 22:04,Completed,0:04:19
20150548,0 ,1,9/19/2015 14:24,Completed,0:17:01
20150638,1 ,1,9/13/2015 19:35,Completed,0:02:33
20150638,3 ,2,9/18/2015 13:10,Completed,0:01:06
20150638,3 ,3,9/18/2015 13:11,Completed,0:00:17
20150604,3 ,1,8/9/2015 11:18,Completed,0:05:27
20150408,2 ,1,8/2/2015 21:41,Completed,0:03:59
20150408,0 ,2,9/18/2015 19:57,Completed,0:15:02
20150408,1 ,3,9/18/2015 20:05,Completed,0:07:15
20150408,0 ,4,9/18/2015 20:12,Completed,0:06:10
20150408,2 ,5,9/18/2015 20:17,Completed,0:04:05
20150381,1 ,1,9/17/2015 14:44,Completed,0:02:10
20150867,3 ,1,8/2/2015 14:47,Completed,0:04:30
20150971,3 ,1,8/6/2015 19:48,Completed,0:07:36
20150171,3 ,1,9/14/2015 11:07,Completed,0:05:36
20150934,3 ,1,9/18/2015 18:51,Completed,0:10:28
20150934,3 ,2,9/18/2015 18:58,Completed,0:06:44
20150934,3 ,3,9/18/2015 18:59,Completed,0:00:19
20150655,3 ,1,9/18/2015 1:09,Completed,0:15:01
20150373,3 ,1,7/30/2015 13:10,Completed,0:03:22
20150373,3 ,2,9/18/2015 21:19,Completed,0:07:57
20150002,3 ,1,8/7/2015 21:39,Completed,0:13:21
20150002,0 ,2,8/7/2015 21:50,Completed,0:09:21
20150521,2 ,1,9/18/2015 18:24,Completed,0:00:45
20150521,1 ,2,9/18/2015 18:25,Completed,0:00:50
20150521,2 ,3,9/18/2015 18:29,Completed,0:03:14
20150521,3 ,4,9/18/2015 18:31,Completed,0:00:57
20150264,2 ,1,8/3/2015 0:16,Completed,0:10:35
20151108,2 ,1,8/2/2015 21:08,Completed,0:05:34
20151108,2 ,2,8/2/2015 21:11,Completed,0:03:22
20151108,2 ,3,8/2/2015 21:16,Completed,0:04:15
20151108,3 ,4,8/2/2015 21:17,Completed,0:01:03
20150967,3 ,1,8/4/2015 19:32,Completed,0:01:17
20150967,2 ,2,8/4/2015 19:50,Completed,0:00:40
20150967,3 ,3,8/4/2015 19:54,Completed,0:02:53
20150967,3 ,4,8/4/2015 19:55,Completed,0:00:16
20150967,3 ,5,8/4/2015 19:55,Completed,0:00:21
20150967,3 ,6,8/4/2015 19:56,Completed,0:00:27
20150326,1 ,1,8/4/2015 12:22,Completed,0:10:47
20150326,0 ,2,9/19/2015 15:51,Completed,0:15:03
20150227,1 ,1,8/7/2015 18:49,Completed,0:15:01
20150227,3 ,2,8/7/2015 21:24,Completed,0:13:58
20151112,3 ,1,8/2/2015 14:39,Completed,0:05:54
20151112,0 ,2,9/13/2015 23:13,Completed,0:17:11
20150445,2 ,1,9/15/2015 14:31,Completed,0:05:28
20150445,3 ,2,9/15/2015 14:35,Completed,0:04:15
20150900,3 ,1,9/19/2015 14:38,Completed,0:04:05
20151080,1 ,1,8/6/2015 19:07,Completed,0:03:26
20150085,2 ,1,8/3/2015 22:44,Completed,0:01:50
20150085,3 ,2,8/9/2015 16:58,Completed,0:03:36
20150085,3 ,3,8/9/2015 17:00,Completed,0:01:06
20150085,3 ,4,9/16/2015 18:40,Completed,0:03:05
20150085,3 ,5,9/16/2015 18:41,Completed,0:01:16
20151115,3 ,1,9/18/2015 19:27,Completed,0:05:26
20150830,3 ,1,9/16/2015 22:12,Completed,0:13:46
20151154,3 ,1,8/2/2015 23:59,Completed,0:09:21
20151154,2 ,2,9/18/2015 19:01,Completed,0:09:02
20150757,3 ,1,9/19/2015 13:31,Completed,0:03:40
20150757,2 ,2,9/19/2015 13:33,Completed,0:01:53
20150323,1 ,1,8/8/2015 11:27,Completed,0:15:01
20150323,3 ,2,8/8/2015 11:38,Completed,0:09:43
20150142,3 ,1,8/6/2015 18:14,Completed,0:03:55
20150142,2 ,2,9/19/2015 0:35,Completed,0:02:04
20150142,1 ,3,9/19/2015 0:36,Completed,0:00:59
20150403,0 ,1,8/9/2015 17:08,Completed,0:04:52
20150403,3 ,2,8/9/2015 17:13,Completed,0:05:03
20150780,3 ,1,8/6/2015 21:58,Completed,0:04:21
20150451,3 ,1,9/18/2015 20:04,Completed,0:03:16
20150553,1 ,1,7/31/2015 9:33,Completed,0:06:01
20150553,1 ,2,9/19/2015 13:29,Completed,0:10:47
20150553,2 ,3,9/19/2015 13:33,Completed,0:03:26
20150553,2 ,4,9/19/2015 13:41,Completed,0:03:52
20150553,3 ,5,9/19/2015 13:45,Completed,0:04:00
20150266,3 ,1,9/17/2015 22:27,Completed,0:07:37
20151010,3 ,1,8/5/2015 19:28,Completed,0:10:35
20151010,3 ,2,9/19/2015 13:22,Completed,0:07:44
20150821,2 ,1,9/3/2015 10:20,Completed,0:05:36
20150821,2 ,2,9/14/2015 14:46,Completed,0:04:46
20150597,2 ,1,8/3/2015 21:04,Completed,0:09:43
20150597,3 ,2,9/18/2015 20:44,Completed,0:06:20
20151155,2 ,1,9/18/2015 22:10,Completed,0:04:06
20150706,1 ,1,8/6/2015 20:02,Completed,0:06:50
20150733,1 ,1,9/5/2015 11:32,Completed,0:00:27
20150733,2 ,2,9/13/2015 16:01,Completed,0:05:22
20150733,2 ,3,9/13/2015 16:11,Completed,0:09:01
20150153,0 ,1,8/9/2015 12:13,Completed,0:17:00
20150786,2 ,1,9/17/2015 14:59,Completed,0:08:20
20150230,1 ,1,8/9/2015 17:19,Completed,0:10:40
20150230,1 ,2,8/9/2015 17:52,Completed,0:15:00
20150230,1 ,3,8/9/2015 18:06,Completed,0:08:34
20150230,1 ,4,8/9/2015 18:15,Completed,0:02:30
20150230,3 ,5,8/9/2015 18:26,Completed,0:08:14
20150923,2 ,1,8/3/2015 21:30,Completed,0:03:18
20150923,1 ,2,8/3/2015 21:32,Completed,0:01:51
20150923,2 ,3,8/5/2015 16:54,Completed,0:04:32
20150923,3 ,4,8/5/2015 17:04,Completed,0:03:43
20150317,0 ,1,9/16/2015 22:47,Completed,0:17:23
20150295,3 ,1,8/9/2015 18:27,Completed,0:07:50
20150007,1 ,1,8/6/2015 13:37,Completed,0:07:30
20150007,3 ,2,8/6/2015 13:47,Completed,0:08:40
20150244,0 ,1,8/3/2015 9:28,Completed,0:17:07
20150350,1 ,1,9/19/2015 12:50,Completed,0:12:00
20150350,0 ,2,9/19/2015 13:05,Completed,0:13:41
20150452,2 ,1,8/9/2015 22:44,Completed,0:05:38
20151065,2 ,1,9/17/2015 16:11,Completed,0:09:32
20151068,2 ,1,8/5/2015 18:12,Completed,0:03:34
20151068,3 ,2,8/5/2015 18:25,Completed,0:12:23
20151068,2 ,3,8/5/2015 18:29,Completed,0:01:06
20150605,1 ,1,7/31/2015 16:15,Completed,0:06:37
20150605,2 ,2,9/17/2015 16:07,Completed,0:09:38
20150736,1 ,1,9/19/2015 14:41,Completed,0:08:00
20150845,3 ,1,9/19/2015 14:01,Completed,0:01:07
20150787,2 ,1,8/8/2015 9:42,Completed,0:13:41
20150787,3 ,2,9/18/2015 10:54,Completed,0:07:10
20150787,0 ,3,9/18/2015 13:18,Completed,0:00:07
20150787,0 ,4,9/18/2015 13:19,Completed,0:00:06
20150787,0 ,5,9/18/2015 13:19,Completed,0:00:06
20150787,0 ,6,9/18/2015 13:19,Completed,0:00:07
20150787,0 ,7,9/18/2015 13:20,Completed,0:00:06
20150787,0 ,8,9/18/2015 13:20,Completed,0:00:08
20150787,0 ,9,9/18/2015 13:21,Completed,0:00:15
20150787,0 ,10,9/18/2015 13:22,Completed,0:00:14
20150957,0 ,1,8/4/2015 22:37,Completed,0:03:40
20150446,1 ,1,8/5/2015 20:47,Completed,0:15:00
20150446,2 ,2,8/5/2015 20:50,Completed,0:01:51
20150446,2 ,3,8/5/2015 20:51,Completed,0:01:05
20150446,3 ,4,8/5/2015 20:53,Completed,0:00:41
20150006,1 ,1,8/6/2015 21:17,Completed,0:05:52
20151058,1 ,1,8/9/2015 12:00,Completed,0:06:25
20150947,0 ,1,8/6/2015 20:24,Completed,0:13:20
20150947,3 ,2,9/18/2015 21:07,Completed,0:07:11
20150947,3 ,3,9/18/2015 21:10,Completed,0:02:16
20150947,2 ,4,9/18/2015 21:13,Completed,0:02:33
20151157,1 ,1,9/19/2015 2:39,Completed,0:05:19
20151157,2 ,2,9/19/2015 2:42,Completed,0:02:25
20151157,2 ,3,9/19/2015 2:43,Completed,0:00:31
20150778,1 ,1,8/7/2015 21:24,Completed,0:15:01
20150778,2 ,2,9/17/2015 21:13,Completed,0:04:19
20150778,1 ,3,9/17/2015 21:17,Completed,0:01:06
20150778,1 ,4,9/17/2015 21:33,Completed,0:15:00
20150499,3 ,1,8/6/2015 13:47,Completed,0:05:54
20150191,2 ,1,8/3/2015 21:41,Completed,0:06:50
20150191,0 ,2,8/9/2015 11:50,Completed,0:17:19
20150191,2 ,3,9/8/2015 21:11,Completed,0:04:55
20151159,3 ,1,8/9/2015 13:43,Completed,0:14:01
20151159,3 ,2,9/18/2015 12:31,Completed,0:05:22
20150501,0 ,1,8/5/2015 23:08,Completed,0:01:43
20150501,1 ,2,9/16/2015 22:49,Completed,0:05:32
20150991,2 ,1,8/9/2015 12:01,Completed,0:05:34
20150991,1 ,2,9/19/2015 0:16,Completed,0:04:20
20150991,2 ,3,9/19/2015 11:41,Completed,0:02:40
20150575,1 ,1,8/6/2015 23:41,Completed,0:08:25
20150995,0 ,1,8/5/2015 20:36,Completed,0:17:09
20150995,1 ,2,8/8/2015 13:14,Completed,0:15:00
20150995,2 ,3,8/8/2015 13:22,Completed,0:07:25
20150995,2 ,4,8/8/2015 13:25,Completed,0:02:35
20150995,2 ,5,8/8/2015 13:31,Completed,0:04:59
20150995,3 ,6,8/8/2015 13:34,Completed,0:00:16
20150995,3 ,7,8/9/2015 21:00,Completed,0:05:53
20150995,1 ,8,8/9/2015 21:02,Completed,0:00:18
20150995,2 ,9,8/9/2015 21:04,Completed,0:01:48
20150995,3 ,10,8/9/2015 21:07,Completed,0:02:12
20150995,2 ,11,9/18/2015 11:20,Completed,0:03:08
20150995,3 ,12,9/18/2015 11:22,Completed,0:00:39
20150995,3 ,13,9/18/2015 11:24,Completed,0:01:30
20150995,3 ,14,9/18/2015 11:28,Completed,0:01:13
20150430,2 ,1,8/8/2015 14:44,Completed,0:13:47
20150197,0 ,1,8/6/2015 17:26,Completed,0:17:13
20150102,3 ,1,9/18/2015 21:27,Completed,0:04:30
20150102,0 ,2,9/18/2015 21:47,Completed,0:00:26
20150128,2 ,1,8/9/2015 17:31,Completed,0:02:04
20150128,0 ,2,8/9/2015 17:46,Completed,0:14:58
20150128,0 ,3,8/9/2015 18:01,Completed,0:15:04
20150128,3 ,4,8/9/2015 18:15,Completed,0:09:34
20150128,1 ,5,8/9/2015 18:17,Completed,0:01:15
20150128,3 ,6,8/9/2015 18:19,Completed,0:01:38
20150685,3 ,1,9/19/2015 2:04,Completed,0:17:34
20150202,1 ,1,10/5/2015 16:20,Completed,0:14:45
20150202,1 ,2,10/6/2015 16:31,Completed,0:17:11
20150202,1 ,3,10/6/2015 17:14,Completed,0:14:37
20150202,3 ,4,10/6/2015 18:42,Completed,0:10:12
20150581,3 ,1,8/2/2015 17:14,Completed,0:06:11
20150581,2 ,2,8/2/2015 17:34,Completed,0:02:58
20150581,3 ,3,8/2/2015 17:40,Completed,0:05:27
20150013,1 ,1,8/6/2015 20:48,Completed,0:02:43
20150013,0 ,2,8/6/2015 20:54,Completed,0:04:34
20150013,1 ,3,8/6/2015 20:55,Completed,0:00:28
20150013,0 ,4,8/6/2015 21:16,Completed,0:17:04
20150618,3 ,1,8/5/2015 21:50,Completed,0:03:53
20150618,2 ,2,8/5/2015 21:53,Completed,0:01:18
20150618,3 ,3,9/9/2015 22:59,Completed,0:04:08
20150618,3 ,4,9/9/2015 23:01,Completed,0:01:03
20150618,3 ,5,9/17/2015 21:56,Completed,0:01:51
20150618,3 ,6,9/19/2015 0:55,Completed,0:02:01
20151161,0 ,1,8/10/2015 6:53,Completed,0:15:00
20151161,2 ,2,8/10/2015 6:58,Completed,0:04:31
20150983,0 ,1,9/18/2015 15:51,Completed,0:05:14
20150983,2 ,2,9/18/2015 15:53,Completed,0:01:42
20150519,1 ,1,8/7/2015 9:34,Completed,0:02:41
20150519,3 ,2,8/7/2015 9:42,Completed,0:04:13
20150158,1 ,1,8/7/2015 21:46,Completed,0:04:16
20151044,1 ,1,9/3/2015 22:44,Completed,0:10:50
20150031,2 ,1,8/10/2015 5:13,Completed,0:12:03
20150031,1 ,2,8/10/2015 5:20,Completed,0:04:25
20150031,2 ,3,8/10/2015 5:23,Completed,0:01:06
20150031,2 ,4,8/10/2015 5:24,Completed,0:01:14
20150031,3 ,5,8/10/2015 5:26,Completed,0:00:44
20150031,3 ,6,8/10/2015 5:27,Completed,0:00:28
20150031,2 ,7,8/10/2015 5:29,Completed,0:01:59
20150031,3 ,8,8/10/2015 5:30,Completed,0:00:18
20150031,3 ,9,8/10/2015 5:31,Completed,0:00:15
20150031,3 ,10,8/10/2015 5:31,Completed,0:00:20
20150031,3 ,11,8/10/2015 5:32,Completed,0:00:38
20150031,3 ,12,8/10/2015 5:32,Completed,0:00:10
20150031,3 ,13,9/18/2015 16:37,Completed,0:04:20
20150031,3 ,14,9/18/2015 16:42,Completed,0:01:34
20151019,1 ,1,8/2/2015 16:42,Completed,0:08:23
20151019,3 ,2,8/2/2015 16:48,Completed,0:01:47
20151019,3 ,3,8/24/2015 16:15,Completed,0:01:34
20151019,3 ,4,9/17/2015 16:07,Completed,0:05:22
20151163,1 ,1,9/19/2015 12:27,Completed,0:03:39
20151163,0 ,2,9/19/2015 12:29,Completed,0:01:09
20151163,0 ,3,9/19/2015 12:48,Completed,0:17:00
20150362,3 ,1,8/6/2015 19:58,Completed,0:06:19
20150998,3 ,1,8/6/2015 19:44,Completed,0:12:51
20150073,0 ,1,8/6/2015 22:23,Completed,0:02:53
20150073,2 ,2,9/19/2015 12:42,Completed,0:03:31
20150440,2 ,1,8/4/2015 11:59,Completed,0:07:51
20150440,2 ,2,9/13/2015 11:26,Completed,0:05:09
20150440,3 ,3,9/19/2015 13:01,Completed,0:03:06
20151087,2 ,1,8/9/2015 21:59,Completed,0:02:17
20150582,2 ,1,7/29/2015 18:13,Completed,0:01:06
20150582,2 ,2,9/18/2015 15:03,Completed,0:05:40
20150175,3 ,1,8/5/2015 2:29,Completed,0:07:05
20150688,1 ,1,8/6/2015 20:04,Completed,0:01:43
20150688,3 ,2,8/6/2015 20:07,Completed,0:02:18
20150688,3 ,3,8/6/2015 20:09,Completed,0:00:41
20150688,3 ,4,9/15/2015 9:55,Completed,0:06:07
20150688,3 ,5,9/15/2015 9:57,Completed,0:01:36
20150887,1 ,1,8/4/2015 18:43,Completed,0:01:55
20150198,0 ,1,8/4/2015 10:06,Completed,0:08:00
20150088,2 ,1,8/9/2015 8:47,Completed,0:03:55
20151102,3 ,1,8/6/2015 19:46,Completed,0:02:30
20151102,3 ,2,9/19/2015 13:06,Completed,0:01:55
20151102,3 ,3,9/19/2015 13:08,Completed,0:01:27
20150875,1 ,1,8/9/2015 11:23,Completed,0:06:31
20150875,2 ,2,8/9/2015 11:27,Completed,0:03:28
20150875,2 ,3,9/17/2015 22:11,Completed,0:03:11
20150875,3 ,4,9/17/2015 22:18,Completed,0:06:24
20150875,3 ,5,9/17/2015 22:23,Completed,0:00:54
20150670,0 ,1,8/4/2015 16:27,Completed,0:01:40
20150670,0 ,2,8/4/2015 16:37,Completed,0:04:26
20150670,3 ,3,9/19/2015 10:34,Completed,0:03:26
20150891,1 ,1,9/18/2015 14:42,Completed,0:05:59
20150891,2 ,2,9/18/2015 14:46,Completed,0:02:46
20150891,1 ,3,9/18/2015 14:49,Completed,0:01:49
20150269,1 ,1,8/5/2015 10:45,Completed,0:03:10
20150269,2 ,2,9/19/2015 13:31,Completed,0:02:15
20150269,2 ,3,9/19/2015 13:38,Completed,0:04:53
20150269,3 ,4,9/19/2015 13:43,Completed,0:02:31
20150419,3 ,1,9/14/2015 14:36,Completed,0:04:04
20150419,2 ,2,9/19/2015 13:15,Completed,0:02:19
20151165,3 ,1,9/17/2015 0:24,Completed,0:02:01
20151165,2 ,2,9/17/2015 0:29,Completed,0:05:08
20151165,0 ,3,9/19/2015 15:15,Completed,0:17:20
20151106,1 ,1,8/5/2015 12:53,Completed,0:05:39
20151106,2 ,2,8/5/2015 13:08,Completed,0:11:41
20151106,3 ,3,8/5/2015 13:14,Completed,0:03:27
20150384,3 ,1,8/4/2015 1:52,Completed,0:11:28
20150384,1 ,2,9/18/2015 22:51,Completed,0:07:39
20150384,2 ,3,9/18/2015 22:56,Completed,0:04:26
20150384,2 ,4,9/18/2015 23:06,Completed,0:08:17
20150727,0 ,1,8/10/2015 8:45,Completed,0:17:45
20150054,0 ,1,9/9/2015 14:29,Completed,0:01:54
20150054,0 ,2,9/9/2015 14:30,Completed,0:00:27
20150054,0 ,3,9/9/2015 14:49,Completed,0:17:13
20151166,2 ,1,9/19/2015 12:08,Completed,0:07:08
20151166,0 ,2,9/19/2015 12:24,Completed,0:15:02
20151166,0 ,3,9/19/2015 12:49,Completed,0:17:01
20150866,3 ,1,9/18/2015 13:48,Completed,0:05:49
20150866,2 ,2,9/18/2015 13:53,Completed,0:04:42
20150866,2 ,3,9/18/2015 13:57,Completed,0:02:47
20150866,3 ,4,9/18/2015 13:58,Completed,0:01:27
20150710,2 ,1,8/8/2015 19:36,Completed,0:14:19
20150710,3 ,2,8/8/2015 19:54,Completed,0:14:18
20151022,3 ,1,8/1/2015 20:22,Completed,0:08:31
20151022,2 ,2,9/16/2015 11:24,Completed,0:04:27
20151167,1 ,1,8/6/2015 23:04,Completed,0:02:42
20150676,3 ,1,8/10/2015 0:35,Completed,0:03:57
20150676,2 ,2,9/18/2015 22:02,Completed,0:03:19
20150718,2 ,1,9/15/2015 20:46,Completed,0:07:07
20150059,2 ,1,8/2/2015 18:54,Completed,0:02:35
20150059,2 ,2,8/8/2015 15:53,Completed,0:02:49
20150059,1 ,3,9/16/2015 19:59,Completed,0:01:46
20150059,2 ,4,9/16/2015 20:06,Completed,0:05:07
20150059,3 ,5,9/19/2015 11:57,Completed,0:05:04
20150059,2 ,6,9/19/2015 11:58,Completed,0:00:57
20150059,3 ,7,9/19/2015 12:01,Completed,0:01:55
20150784,1 ,1,9/19/2015 13:56,Completed,0:04:34
20150327,0 ,1,9/18/2015 21:58,Completed,0:07:25
20150327,2 ,2,9/18/2015 22:05,Completed,0:05:08
20151168,2 ,1,9/9/2015 14:43,Completed,0:12:12
20151168,3 ,2,9/10/2015 13:29,Completed,0:03:29
20150905,2 ,1,8/9/2015 14:02,Completed,0:14:28
20151169,0 ,1,8/8/2015 21:00,Completed,0:02:36
20151169,2 ,2,8/8/2015 21:07,Completed,0:03:38
20151169,3 ,3,8/8/2015 21:10,Completed,0:02:28
20151169,2 ,4,9/16/2015 10:24,Completed,0:06:04
20151169,2 ,5,9/16/2015 10:30,Completed,0:04:45
20151169,3 ,6,9/17/2015 20:47,Completed,0:04:01
20150064,0 ,1,8/8/2015 17:20,Completed,0:01:23
20150811,3 ,1,9/18/2015 0:21,Completed,0:06:57
20150082,0 ,1,8/13/2015 13:35,Completed,0:02:07
20150082,0 ,2,8/13/2015 13:39,Completed,0:02:16
20150082,1 ,3,8/13/2015 13:40,Completed,0:00:17
20150082,3 ,4,9/15/2015 12:33,Completed,0:04:46
20150974,3 ,1,8/3/2015 12:38,Completed,0:01:39
20150974,3 ,2,9/17/2015 8:45,Completed,0:06:49
20150526,2 ,1,8/7/2015 19:38,Completed,0:03:29
20150526,3 ,2,9/3/2015 9:53,Completed,0:04:05
20150127,3 ,1,9/19/2015 10:25,Completed,0:11:20
20150127,0 ,2,9/19/2015 10:50,Completed,0:17:00
20150665,0 ,1,9/19/2015 13:11,Completed,0:08:50
20150535,2 ,1,8/2/2015 14:42,Completed,0:09:26
20150535,1 ,2,8/5/2015 15:47,Completed,0:03:22
20150535,3 ,3,8/5/2015 15:54,Completed,0:00:45
20150535,3 ,4,8/8/2015 15:09,Completed,0:01:31
20150958,2 ,1,9/15/2015 17:16,Completed,0:05:24
20150968,0 ,1,8/2/2015 19:50,Completed,0:17:12
20150418,2 ,1,9/17/2015 22:22,Completed,0:07:15
20150418,2 ,2,9/17/2015 22:27,Completed,0:04:20
20150770,3 ,1,9/12/2015 15:59,Completed,0:01:54
20150770,3 ,2,9/19/2015 14:05,Completed,0:01:24
20150275,3 ,1,8/3/2015 11:35,Completed,0:05:26
20150275,1 ,2,9/19/2015 11:43,Completed,0:03:39
20151170,1 ,1,8/2/2015 23:40,Completed,0:08:17
20151170,3 ,2,8/9/2015 10:15,Completed,0:06:52
20151170,0 ,3,9/14/2015 22:43,Completed,0:17:02
20151170,3 ,4,9/15/2015 22:14,Completed,0:06:55
20151170,3 ,5,9/19/2015 12:06,Completed,0:07:04
20150482,1 ,1,8/1/2015 12:23,Completed,0:13:01
20150482,2 ,2,8/2/2015 14:35,Completed,0:13:39
20150482,1 ,3,8/6/2015 13:42,Completed,0:15:01
20150482,3 ,4,8/6/2015 13:52,Completed,0:06:48
20150482,3 ,5,9/19/2015 10:03,Completed,0:03:52
20150367,1 ,1,8/9/2015 15:22,Completed,0:08:34
20150367,3 ,2,8/9/2015 15:36,Completed,0:12:04
20150367,1 ,3,9/19/2015 0:10,Completed,0:05:17
20150367,2 ,4,9/19/2015 0:13,Completed,0:00:53
20150322,2 ,1,8/9/2015 19:55,Completed,0:13:51
20150322,0 ,2,8/9/2015 20:00,Completed,0:03:49
20150322,0 ,3,8/9/2015 20:00,Completed,0:00:07
20150322,1 ,4,8/9/2015 20:01,Completed,0:00:14
20150322,1 ,5,9/19/2015 9:21,Completed,0:07:12
20150322,1 ,6,9/19/2015 9:22,Completed,0:00:51
20150652,3 ,1,8/7/2015 16:04,Completed,0:08:34
20150497,2 ,1,9/17/2015 14:24,Completed,0:10:15
20150729,1 ,1,9/19/2015 13:09,Completed,0:05:35
20150729,0 ,2,9/19/2015 13:12,Completed,0:02:09
20151171,0 ,1,8/2/2015 19:07,Completed,0:17:06
20151171,0 ,2,8/27/2015 20:57,Completed,0:01:28
20151171,1 ,3,8/27/2015 21:01,Completed,0:03:58
20151171,2 ,4,8/27/2015 21:05,Completed,0:03:33
20151171,1 ,5,9/18/2015 21:29,Completed,0:02:53
20150734,2 ,1,8/8/2015 15:15,Completed,0:03:05
20150734,3 ,2,8/8/2015 15:24,Completed,0:07:07
20150734,3 ,3,9/19/2015 15:09,Completed,0:02:35
20150024,3 ,1,8/9/2015 14:05,Completed,0:08:44
20150024,3 ,2,8/9/2015 14:07,Completed,0:00:45
20150024,2 ,3,8/9/2015 14:19,Completed,0:03:41
20150024,3 ,4,8/9/2015 14:25,Completed,0:01:55
20150024,2 ,5,8/9/2015 14:26,Completed,0:00:52
20150024,3 ,6,8/9/2015 14:31,Completed,0:00:46
20150024,3 ,7,8/9/2015 14:33,Completed,0:00:38
20150024,2 ,8,8/9/2015 17:52,Completed,0:02:14
20150024,2 ,9,8/9/2015 17:54,Completed,0:01:08
20150570,3 ,1,9/12/2015 14:38,Completed,0:03:01
20150040,2 ,1,9/19/2015 13:17,Completed,0:11:30
20150550,1 ,1,8/6/2015 18:06,Completed,0:15:02
20150550,1 ,2,8/6/2015 18:22,Completed,0:13:16
20150550,2 ,3,8/6/2015 19:14,Completed,0:10:01
20150550,2 ,4,8/6/2015 19:19,Completed,0:03:54
20150550,3 ,5,8/6/2015 19:28,Completed,0:06:13
20150940,1 ,1,8/8/2015 20:21,Completed,0:05:13
20150940,3 ,2,9/19/2015 10:58,Completed,0:05:11
20151009,1 ,1,8/2/2015 22:56,Completed,0:08:26
20151009,2 ,2,9/18/2015 15:39,Completed,0:11:07
20151009,2 ,3,9/18/2015 15:53,Completed,0:13:30
20151009,2 ,4,9/18/2015 16:15,Completed,0:14:51
20151009,2 ,5,9/18/2015 16:38,Completed,0:14:47
20151009,0 ,6,9/18/2015 16:46,Completed,0:00:09
20151009,2 ,7,9/18/2015 16:46,Completed,0:00:17
20151009,3 ,8,9/18/2015 16:47,Completed,0:00:13
20150873,2 ,1,9/18/2015 21:00,Completed,0:09:31
20150873,1 ,2,9/19/2015 14:37,Completed,0:10:20
20150873,0 ,3,9/19/2015 14:41,Completed,0:00:31
20150873,2 ,4,9/19/2015 14:55,Completed,0:14:16
20150873,0 ,5,9/19/2015 14:56,Completed,0:00:08
20150873,1 ,6,9/19/2015 14:57,Completed,0:00:51
20150217,2 ,1,8/8/2015 21:11,Completed,0:03:26
20150372,3 ,1,9/14/2015 18:32,Completed,0:06:44
20150372,0 ,2,9/20/2015 23:57,Completed,0:15:03
20150053,1 ,1,8/4/2015 22:20,Completed,0:02:47
20150053,1 ,2,8/4/2015 22:27,Completed,0:07:22
20150053,0 ,3,8/4/2015 22:35,Completed,0:07:16
20150053,0 ,4,8/6/2015 22:02,Completed,0:00:09
20150053,0 ,5,8/6/2015 22:03,Completed,0:00:13
20150296,2 ,1,9/18/2015 21:36,Completed,0:11:05
20150296,3 ,2,9/19/2015 16:07,Completed,0:06:03
20150756,1 ,1,8/5/2015 11:28,Completed,0:08:23
20150756,1 ,2,8/5/2015 11:41,Completed,0:13:10
20150716,2 ,1,8/2/2015 20:15,Completed,0:05:42
20150091,3 ,1,9/19/2015 11:41,Completed,0:06:52
20150799,3 ,1,9/16/2015 18:55,Completed,0:03:26
20150344,2 ,1,8/10/2015 0:30,Completed,0:05:06
20150876,3 ,1,8/3/2015 18:52,Completed,0:07:48
20150354,1 ,1,9/16/2015 18:47,Completed,0:17:02
20150507,2 ,1,9/17/2015 23:08,Completed,0:02:58
20150507,0 ,2,9/19/2015 14:54,Completed,0:17:00
20150510,3 ,1,8/5/2015 12:33,Completed,0:09:35
20150510,3 ,2,8/6/2015 16:46,Completed,0:04:54
20150510,0 ,3,9/12/2015 15:26,Completed,0:17:20
20150906,0 ,1,9/17/2015 10:28,Completed,0:05:38
20150017,3 ,1,8/4/2015 18:11,Completed,0:07:19
20150017,3 ,2,9/18/2015 10:14,Completed,0:00:58
20150017,3 ,3,9/18/2015 10:16,Completed,0:01:48
20150017,3 ,4,9/18/2015 10:17,Completed,0:00:23
20150231,2 ,1,8/9/2015 22:58,Completed,0:04:12
20150231,3 ,2,8/9/2015 22:59,Completed,0:00:56
20150568,3 ,1,8/6/2015 21:46,Completed,0:13:28
20150461,0 ,1,9/15/2015 13:35,Completed,0:01:35
20150461,0 ,2,10/5/2015 16:34,Completed,0:05:48
20150461,2 ,3,10/5/2015 16:43,Completed,0:08:02
20150461,2 ,4,10/5/2015 16:49,Completed,0:02:09
20150461,2 ,5,10/5/2015 16:58,Completed,0:07:50
20150461,3 ,6,10/5/2015 17:02,Completed,0:03:58
20150461,3 ,7,10/5/2015 18:07,Completed,0:00:20
20150461,3 ,8,10/5/2015 18:08,Completed,0:00:27
20150461,2 ,9,10/6/2015 16:21,Completed,0:15:00
20150883,2 ,1,9/19/2015 12:45,Completed,0:07:14
20150966,0 ,1,9/19/2015 12:33,Completed,0:15:48
20150966,2 ,2,9/19/2015 12:38,Completed,0:04:35
20150966,3 ,3,9/19/2015 12:44,Completed,0:04:48
20150941,3 ,1,8/6/2015 19:32,Completed,0:02:05
20150941,3 ,2,8/6/2015 19:33,Completed,0:00:29
20150941,3 ,3,8/6/2015 19:33,Completed,0:00:18
20150620,3 ,1,8/7/2015 20:17,Completed,0:12:11
20150620,1 ,2,10/5/2015 15:23,Completed,0:15:00
20150620,2 ,3,10/5/2015 15:36,Completed,0:09:22
20151069,1 ,1,8/2/2015 18:42,Completed,0:09:29
20150931,3 ,1,8/5/2015 22:28,Completed,0:09:05
20150426,0 ,1,8/2/2015 10:46,Completed,0:03:46
20150426,0 ,2,8/2/2015 10:52,Completed,0:05:24
20150426,0 ,3,8/2/2015 10:55,Completed,0:01:15
20150654,0 ,1,9/18/2015 22:49,Completed,0:17:17
20150654,1 ,2,9/19/2015 8:45,Completed,0:12:51
20150834,3 ,1,9/15/2015 19:31,Completed,0:12:45
20150022,0 ,1,9/19/2015 13:03,Completed,0:15:03
20150022,3 ,2,9/19/2015 13:48,Completed,0:06:49
20150904,1 ,1,8/3/2015 2:43,Completed,0:04:28
20150904,2 ,2,8/3/2015 2:50,Completed,0:06:35
20150904,1 ,3,8/3/2015 3:05,Completed,0:04:51
20150904,0 ,4,8/3/2015 3:11,Completed,0:04:01
20150904,1 ,5,8/3/2015 3:20,Completed,0:08:13
20150904,2 ,6,8/3/2015 3:23,Completed,0:02:09
20150904,1 ,7,8/3/2015 3:28,Completed,0:01:48
20150904,0 ,8,8/3/2015 19:45,Completed,0:00:07
20151177,1 ,1,8/9/2015 11:41,Completed,0:15:00
20151177,0 ,2,8/9/2015 11:59,Completed,0:13:52
20151177,1 ,3,8/9/2015 12:08,Completed,0:08:47
20151177,2 ,4,8/9/2015 21:37,Completed,0:12:31
20151177,2 ,5,8/9/2015 21:49,Completed,0:11:43
20150437,2 ,1,8/9/2015 20:06,Completed,0:06:48
20150437,1 ,2,8/9/2015 20:10,Completed,0:03:32
20150437,2 ,3,8/9/2015 20:15,Completed,0:00:37
20150437,3 ,4,9/19/2015 10:51,Completed,0:06:22
20150961,3 ,1,8/9/2015 11:26,Completed,0:08:19
20150766,2 ,1,8/9/2015 22:39,Completed,0:04:57
20150766,2 ,2,8/9/2015 22:43,Completed,0:02:03
20150766,1 ,3,8/9/2015 22:45,Completed,0:01:24
20150766,2 ,4,8/9/2015 22:47,Completed,0:00:24
20150766,2 ,5,8/9/2015 22:49,Completed,0:01:08
20150766,3 ,6,8/9/2015 22:55,Completed,0:02:40
20150766,3 ,7,8/9/2015 22:57,Completed,0:01:15
20150766,3 ,8,8/9/2015 22:58,Completed,0:00:22
20150334,0 ,1,8/2/2015 21:15,Completed,0:17:16
20151178,2 ,1,8/9/2015 12:46,Completed,0:07:04
20150645,1 ,1,8/8/2015 21:30,Completed,0:01:35
20150645,1 ,2,9/18/2015 14:36,Completed,0:00:56
20150754,0 ,1,8/6/2015 10:43,Completed,0:17:02
20150345,0 ,1,8/5/2015 12:38,Completed,0:17:11
20150103,0 ,1,8/9/2015 15:24,Completed,0:17:17
20150103,3 ,2,8/9/2015 16:03,Completed,0:09:54
20150103,3 ,3,9/18/2015 22:39,Completed,0:11:46
20150149,3 ,1,9/19/2015 13:40,Completed,0:05:19
20150576,2 ,1,9/18/2015 13:26,Completed,0:02:55
20150459,0 ,1,8/9/2015 22:02,Completed,0:04:10
20150977,2 ,1,8/9/2015 23:45,Completed,0:04:13
20150380,1 ,1,8/6/2015 15:28,Completed,0:05:19
20150380,2 ,2,8/6/2015 15:40,Completed,0:10:48
20150380,1 ,3,8/6/2015 16:07,Completed,0:05:12
20150380,1 ,4,8/6/2015 16:09,Completed,0:02:08
20150380,2 ,5,8/6/2015 16:11,Completed,0:00:37
20150380,1 ,6,8/6/2015 16:16,Completed,0:04:46
20150380,2 ,7,8/6/2015 18:17,Completed,0:01:37
20150380,0 ,8,8/6/2015 18:25,Completed,0:07:40
20150380,2 ,9,8/6/2015 18:43,Completed,0:15:01
20150380,1 ,10,8/6/2015 19:02,Completed,0:11:09
20150380,2 ,11,8/6/2015 19:59,Completed,0:04:55
20150380,1 ,12,8/9/2015 18:50,Completed,0:06:50
20150380,3 ,13,8/9/2015 18:57,Completed,0:06:10
20150380,2 ,14,8/9/2015 19:03,Completed,0:05:09
20150380,2 ,15,8/9/2015 19:05,Completed,0:01:29
20150380,1 ,16,8/9/2015 19:09,Completed,0:04:02
20150380,2 ,17,8/9/2015 19:11,Completed,0:00:54
20150380,2 ,18,8/9/2015 19:13,Completed,0:00:37
20150380,3 ,19,8/9/2015 19:22,Completed,0:00:54
20150268,1 ,1,8/9/2015 23:10,Completed,0:03:30
20150268,1 ,2,8/9/2015 23:27,Completed,0:15:00
20150268,3 ,3,8/9/2015 23:32,Completed,0:02:56
20150772,1 ,1,9/17/2015 17:01,Completed,0:04:33
20150772,3 ,2,9/18/2015 22:16,Completed,0:07:48
20150772,3 ,3,9/19/2015 9:48,Completed,0:02:56
20150959,2 ,1,8/8/2015 15:29,Completed,0:06:26
20150959,2 ,2,8/8/2015 15:34,Completed,0:04:05
20150959,3 ,3,9/18/2015 16:57,Completed,0:04:29
20150959,3 ,4,9/18/2015 16:58,Completed,0:00:30
20150129,0 ,1,9/18/2015 18:05,Completed,0:01:05
20150129,1 ,2,9/18/2015 19:16,Completed,0:10:04
20150129,0 ,3,9/18/2015 19:19,Completed,0:02:29
20150129,0 ,4,9/18/2015 19:24,Completed,0:03:35
20150720,2 ,1,8/6/2015 20:02,Completed,0:13:12
20150720,3 ,2,9/18/2015 18:10,Completed,0:07:02
20150767,3 ,1,8/5/2015 12:01,Completed,0:03:16
20150460,2 ,1,8/8/2015 21:28,Completed,0:04:52
20150460,3 ,2,8/8/2015 21:31,Completed,0:02:59
20150460,3 ,3,8/8/2015 22:01,Completed,0:00:39
20150460,0 ,4,9/18/2015 23:28,Completed,0:15:04
20150324,0 ,1,7/31/2015 22:43,Completed,0:01:17
20150324,0 ,2,9/17/2015 16:51,Completed,0:01:59
20150324,0 ,3,9/17/2015 17:31,Completed,0:03:09
20150324,2 ,4,9/19/2015 14:43,Completed,0:02:40
20150076,3 ,1,8/8/2015 16:33,Completed,0:04:06
20150076,3 ,2,9/19/2015 12:41,Completed,0:02:26
20150076,2 ,3,9/19/2015 12:42,Completed,0:00:31
20150916,0 ,1,8/9/2015 2:34,Completed,0:01:12
20150916,2 ,2,9/19/2015 5:52,Completed,0:05:15
20150125,2 ,1,8/9/2015 14:03,Completed,0:13:09
20150125,2 ,2,9/17/2015 1:09,Completed,0:10:37
20150125,1 ,3,9/17/2015 1:29,Completed,0:17:05
20150125,3 ,4,9/17/2015 15:28,Completed,0:14:34
20150125,2 ,5,9/17/2015 16:39,Completed,0:01:23
20150125,2 ,6,9/17/2015 16:41,Completed,0:01:20
20150125,3 ,7,9/17/2015 16:51,Completed,0:09:32
20150125,3 ,8,9/17/2015 23:57,Completed,0:01:21
20150125,3 ,9,9/18/2015 0:02,Completed,0:04:38
20150315,3 ,1,8/9/2015 12:06,Completed,0:06:47
20150831,2 ,1,8/2/2015 23:39,Completed,0:05:06
20150854,2 ,1,9/17/2015 14:20,Completed,0:05:54
20150379,2 ,1,8/3/2015 21:29,Completed,0:03:11
20150379,2 ,2,8/3/2015 21:37,Completed,0:07:26
20150379,3 ,3,8/3/2015 21:40,Completed,0:02:19
20150247,3 ,1,9/19/2015 10:16,Completed,0:03:23
20150247,3 ,2,9/19/2015 10:21,Completed,0:05:06
20150257,3 ,1,8/2/2015 11:16,Completed,0:05:57
20150466,2 ,1,8/8/2015 13:22,Completed,0:11:03
20150466,1 ,2,8/8/2015 13:37,Completed,0:14:12
20150466,2 ,3,8/8/2015 13:42,Completed,0:03:53
20150466,3 ,4,8/8/2015 13:44,Completed,0:01:08
20150466,2 ,5,8/8/2015 13:46,Completed,0:01:21
20150466,2 ,6,8/8/2015 13:48,Completed,0:01:18
20150466,3 ,7,8/8/2015 13:49,Completed,0:00:24
20150033,1 ,1,8/2/2015 14:03,Completed,0:14:30
20150033,2 ,2,8/2/2015 14:34,Completed,0:12:08
20150033,3 ,3,8/2/2015 14:42,Completed,0:07:24
20150033,3 ,4,8/6/2015 20:07,Completed,0:03:15
20150033,0 ,5,8/6/2015 20:21,Completed,0:00:10
20150407,2 ,1,8/2/2015 20:06,Completed,0:05:34
20150407,2 ,2,9/19/2015 11:45,Completed,0:07:44
20150512,2 ,1,8/8/2015 14:27,Completed,0:03:00
20150512,2 ,2,8/8/2015 14:30,Completed,0:01:52
20150035,2 ,1,9/10/2015 16:13,Completed,0:01:52
20150173,0 ,1,8/5/2015 11:41,Completed,0:02:16
20150173,2 ,2,8/5/2015 22:10,Completed,0:10:13
20150173,3 ,3,8/5/2015 22:11,Completed,0:01:01
20150173,1 ,4,9/15/2015 17:37,Completed,0:05:12
20150173,2 ,5,9/15/2015 17:41,Completed,0:02:45
20150173,3 ,6,9/15/2015 17:42,Completed,0:00:28
20150173,2 ,7,9/18/2015 17:18,Completed,0:05:39
20150173,1 ,8,9/18/2015 17:22,Completed,0:04:10
20150173,2 ,9,9/18/2015 17:25,Completed,0:01:32
20150173,3 ,10,9/18/2015 17:26,Completed,0:00:45
20150046,1 ,1,9/17/2015 10:37,Completed,0:09:39
20150046,1 ,2,9/17/2015 10:42,Completed,0:05:04
20150046,0 ,3,9/17/2015 10:47,Completed,0:04:23
20150879,3 ,1,7/31/2015 8:39,Completed,0:07:28
20150879,2 ,2,8/21/2015 9:33,Completed,0:05:03
20150879,2 ,3,8/28/2015 8:30,Completed,0:02:43
20150879,3 ,4,9/2/2015 8:20,Completed,0:02:06
20150879,3 ,5,9/17/2015 9:56,Completed,0:03:02
20150879,3 ,6,9/18/2015 15:56,Completed,0:01:40
20150879,3 ,7,9/19/2015 8:48,Completed,0:01:22
20150837,3 ,1,9/16/2015 13:05,Completed,0:04:39
20151045,3 ,1,8/2/2015 16:38,Completed,0:03:09
20151184,1 ,1,8/9/2015 21:13,Completed,0:08:33
20151184,2 ,2,8/9/2015 21:18,Completed,0:03:50
20150331,0 ,1,9/17/2015 16:43,Completed,0:17:05
20150504,1 ,1,8/9/2015 23:30,Completed,0:07:25
20150504,3 ,2,8/9/2015 23:38,Completed,0:06:27
20150504,1 ,3,9/18/2015 10:44,Completed,0:06:46
20150504,3 ,4,9/18/2015 10:46,Completed,0:00:54
20150504,3 ,5,9/18/2015 10:46,Completed,0:00:30
20150504,3 ,6,9/18/2015 10:47,Completed,0:00:27
20150504,3 ,7,9/18/2015 10:47,Completed,0:00:14
20150504,3 ,8,9/18/2015 10:53,Completed,0:05:06
20150504,3 ,9,9/18/2015 10:55,Completed,0:01:46
20150504,3 ,10,9/18/2015 10:55,Completed,0:00:18
20150927,2 ,1,8/8/2015 12:55,Completed,0:02:22
20150927,1 ,2,8/8/2015 12:57,Completed,0:01:37
20150147,2 ,1,8/8/2015 13:01,Completed,0:15:10
20150147,1 ,2,8/8/2015 13:21,Completed,0:02:47
20150147,2 ,3,8/8/2015 13:29,Completed,0:07:00
20150147,1 ,4,8/8/2015 13:35,Completed,0:04:27
20150147,1 ,5,8/8/2015 13:36,Completed,0:00:55
20150147,1 ,6,8/8/2015 13:41,Completed,0:04:38
20150147,1 ,7,8/8/2015 13:43,Completed,0:01:52
20150147,3 ,8,9/18/2015 21:12,Completed,0:02:42
20150427,3 ,1,8/5/2015 9:53,Completed,0:06:45
20150427,2 ,2,8/5/2015 11:43,Completed,0:02:31
20150427,3 ,3,8/5/2015 11:45,Completed,0:01:25
20150427,3 ,4,8/5/2015 11:45,Completed,0:00:30
20150179,0 ,1,8/9/2015 22:12,Completed,0:15:03
20150179,3 ,2,8/9/2015 22:27,Completed,0:14:31
20150495,0 ,1,9/16/2015 2:49,Completed,0:05:47
20150495,1 ,2,9/16/2015 2:55,Completed,0:06:05
20150479,2 ,1,8/10/2015 1:05,Completed,0:13:42
20150165,3 ,1,8/1/2015 14:00,Completed,0:03:14
20150988,2 ,1,8/3/2015 17:17,Completed,0:10:07
20150988,2 ,2,9/16/2015 18:32,Completed,0:12:02
20150933,1 ,1,8/3/2015 20:46,Completed,0:07:28
20150933,2 ,2,8/3/2015 20:47,Completed,0:00:22
20150339,1 ,1,8/3/2015 23:32,Completed,0:06:21
20150523,2 ,1,8/8/2015 17:16,Completed,0:12:32
20150523,3 ,2,8/8/2015 17:27,Completed,0:06:10
20150523,3 ,3,9/15/2015 14:27,Completed,0:05:20
20150892,2 ,1,8/9/2015 20:34,Completed,0:13:58
20150892,0 ,2,8/9/2015 21:28,Completed,0:11:00
20150892,1 ,3,8/9/2015 21:51,Completed,0:07:54
20150892,2 ,4,8/9/2015 22:10,Completed,0:02:43
20150892,3 ,5,8/9/2015 22:15,Completed,0:04:48
20150174,1 ,1,9/19/2015 14:10,Completed,0:02:21
20150945,2 ,1,9/18/2015 21:29,Completed,0:04:29
20150560,3 ,1,8/9/2015 17:50,Completed,0:14:46
20150856,1 ,1,8/7/2015 0:09,Completed,0:03:38
20150856,3 ,2,8/7/2015 0:14,Completed,0:05:02
20150468,1 ,1,8/3/2015 18:52,Completed,0:07:18
20150468,2 ,2,8/3/2015 18:54,Completed,0:02:20
20150468,2 ,3,9/18/2015 21:16,Completed,0:04:51
20150468,2 ,4,9/18/2015 21:18,Completed,0:01:48
20150468,0 ,5,9/18/2015 21:23,Completed,0:04:08
20150468,3 ,6,9/18/2015 21:31,Completed,0:03:12
20150468,3 ,7,9/18/2015 21:34,Completed,0:00:25
